"cost0","cost1","c1_fraction","replicate","metadata","total_length","euclidean","sinuosity","total_cost"
1,1.5,0.1,1,"targ0.1-0.2-0.3-0.4_cl_size5_r_size5",84.6101730552664,83.4505841801003,1.01389551537067,3266.02538548424
1,2.5,0.1,1,"targ0.1-0.2-0.3-0.4_cl_size5_r_size5",125.852813742386,113.229854720387,1.11148083739196,11231.6863973861
1,3.5,0.1,1,"targ0.1-0.2-0.3-0.4_cl_size5_r_size5",124.367532368147,108.406641862941,1.14723166616844,19188.6385948351
1,4.5,0.1,1,"targ0.1-0.2-0.3-0.4_cl_size5_r_size5",128.267027304759,105.261578935526,1.21855503785787,20314.503638321
1,1.5,0.2,1,"targ0.1-0.2-0.3-0.4_cl_size5_r_size5",NA,NA,NA,NA
1,2.5,0.2,1,"targ0.1-0.2-0.3-0.4_cl_size5_r_size5",NA,NA,NA,NA
1,3.5,0.2,1,"targ0.1-0.2-0.3-0.4_cl_size5_r_size5",NA,NA,NA,NA
1,4.5,0.2,1,"targ0.1-0.2-0.3-0.4_cl_size5_r_size5",86.3259018078045,61.9838688692469,1.39271561105529,6820.51842820455
1,1.5,0.3,1,"targ0.1-0.2-0.3-0.4_cl_size5_r_size5",74.1543289325507,68.7677249878168,1.07833040784304,2797.50991053884
1,2.5,0.3,1,"targ0.1-0.2-0.3-0.4_cl_size5_r_size5",73.4264068711929,64.5368112010502,1.13774457561048,3282.55534200053
1,3.5,0.3,1,"targ0.1-0.2-0.3-0.4_cl_size5_r_size5",98.3259018078045,87.2353139502575,1.12713415422418,7022.154253177
1,4.5,0.3,1,"targ0.1-0.2-0.3-0.4_cl_size5_r_size5",109.154328932551,88.8144132446981,1.22901593271593,10101.1253748635
1,1.5,0.4,1,"targ0.1-0.2-0.3-0.4_cl_size5_r_size5",90.2253967444162,82.6196102629394,1.09205788380351,5693.08371032086
1,2.5,0.4,1,"targ0.1-0.2-0.3-0.4_cl_size5_r_size5",NA,NA,NA,NA
1,3.5,0.4,1,"targ0.1-0.2-0.3-0.4_cl_size5_r_size5",111.325901807805,93.6215787091843,1.1891051544176,9025.21998492572
1,4.5,0.4,1,"targ0.1-0.2-0.3-0.4_cl_size5_r_size5",NA,NA,NA,NA
1,1.5,0.1,2,"targ0.1-0.2-0.3-0.4_cl_size5_r_size5",113.994949366117,109.622078068243,1.03989042513089,5764.33607591968
1,2.5,0.1,2,"targ0.1-0.2-0.3-0.4_cl_size5_r_size5",119.468037431535,104.809350727881,1.13986048574724,15221.5416276709
1,3.5,0.1,2,"targ0.1-0.2-0.3-0.4_cl_size5_r_size5",81.4974746830583,68.4105255059483,1.19130022873413,7938.37966218957
1,4.5,0.1,2,"targ0.1-0.2-0.3-0.4_cl_size5_r_size5",104.053823869162,92.655275079188,1.1230210452695,11941.0212949842
1,1.5,0.2,2,"targ0.1-0.2-0.3-0.4_cl_size5_r_size5",92.7106781186548,87.6584280032445,1.05763564588705,6774.88711450637
1,2.5,0.2,2,"targ0.1-0.2-0.3-0.4_cl_size5_r_size5",130.539105243401,113.899078134988,1.1460944845286,13855.0661919353
1,3.5,0.2,2,"targ0.1-0.2-0.3-0.4_cl_size5_r_size5",96.9116882454314,80.4984471899924,1.20389512628362,7362.52582036346
1,4.5,0.2,2,"targ0.1-0.2-0.3-0.4_cl_size5_r_size5",118.740115370178,85.2349693494401,1.39309154771178,11911.4610521125
1,1.5,0.3,2,"targ0.1-0.2-0.3-0.4_cl_size5_r_size5",105.953318805774,97.6165969494942,1.08540270934248,5252.39884119644
1,2.5,0.3,2,"targ0.1-0.2-0.3-0.4_cl_size5_r_size5",106.468037431535,93.38094023943,1.14014741293619,8558.73894009034
1,3.5,0.3,2,"targ0.1-0.2-0.3-0.4_cl_size5_r_size5",107.254833995939,80.8084154033477,1.32727307497105,8469.81985388217
1,4.5,0.3,2,"targ0.1-0.2-0.3-0.4_cl_size5_r_size5",NA,NA,NA,NA
1,1.5,0.4,2,"targ0.1-0.2-0.3-0.4_cl_size5_r_size5",81.9827560572969,72.4706837279737,1.13125407185377,4381.9105802033
1,2.5,0.4,2,"targ0.1-0.2-0.3-0.4_cl_size5_r_size5",112.124891681028,101.21264743104,1.10781502635254,5927.5103177494
1,3.5,0.4,2,"targ0.1-0.2-0.3-0.4_cl_size5_r_size5",107.597979746447,85.4283325366942,1.2595116462121,6643.80324404223
1,4.5,0.4,2,"targ0.1-0.2-0.3-0.4_cl_size5_r_size5",93.0832611206852,80.0562302385017,1.1627235112542,6358.17997415042
1,1.5,0.1,3,"targ0.1-0.2-0.3-0.4_cl_size5_r_size5",94.3675323681471,86.3133825081603,1.09331287485142,7145.86644895959
1,2.5,0.1,3,"targ0.1-0.2-0.3-0.4_cl_size5_r_size5",111.053823869162,96.1769203083567,1.15468267764354,8206.60032710409
1,3.5,0.1,3,"targ0.1-0.2-0.3-0.4_cl_size5_r_size5",122.639610306789,102.591422643416,1.19541777613374,16416.2476916649
1,4.5,0.1,3,"targ0.1-0.2-0.3-0.4_cl_size5_r_size5",93.6690475583121,78.7718223732319,1.18911870687078,10382.0563748598
1,1.5,0.2,3,"targ0.1-0.2-0.3-0.4_cl_size5_r_size5",NA,NA,NA,NA
1,2.5,0.2,3,"targ0.1-0.2-0.3-0.4_cl_size5_r_size5",105.154328932551,89.8888202169769,1.16982655550184,6843.35793764732
1,3.5,0.2,3,"targ0.1-0.2-0.3-0.4_cl_size5_r_size5",122.39696961967,100.702532242243,1.21543090222637,11888.6159689348
1,4.5,0.2,3,"targ0.1-0.2-0.3-0.4_cl_size5_r_size5",102.183766184074,77.8331548891602,1.31285653690372,7591.0459726776
1,1.5,0.3,3,"targ0.1-0.2-0.3-0.4_cl_size5_r_size5",108.539105243401,100.124921972504,1.08403685221555,8117.46538191299
1,2.5,0.3,3,"targ0.1-0.2-0.3-0.4_cl_size5_r_size5",99.6690475583121,83.240615086627,1.19736077700277,4821.75997474156
1,3.5,0.3,3,"targ0.1-0.2-0.3-0.4_cl_size5_r_size5",136.681240867132,114.477071940192,1.19396171259988,9017.56051450125
1,4.5,0.3,3,"targ0.1-0.2-0.3-0.4_cl_size5_r_size5",NA,NA,NA,NA
1,1.5,0.4,3,"targ0.1-0.2-0.3-0.4_cl_size5_r_size5",NA,NA,NA,NA
1,2.5,0.4,3,"targ0.1-0.2-0.3-0.4_cl_size5_r_size5",97.39696961967,86.4060183089118,1.12720122424186,7925.7695727939
1,3.5,0.4,3,"targ0.1-0.2-0.3-0.4_cl_size5_r_size5",120.053823869162,99.0201999594022,1.21241750590671,7992.0579190974
1,4.5,0.4,3,"targ0.1-0.2-0.3-0.4_cl_size5_r_size5",121.982756057297,103.585713300628,1.17760212456399,7487.27703839907
1,1.5,0.1,4,"targ0.1-0.2-0.3-0.4_cl_size5_r_size5",98.7817459305202,92.9569792968769,1.06266088547306,4539.61988670679
1,2.5,0.1,4,"targ0.1-0.2-0.3-0.4_cl_size5_r_size5",106.39696961967,92.6984358012583,1.14777524237605,9092.55782119426
1,3.5,0.1,4,"targ0.1-0.2-0.3-0.4_cl_size5_r_size5",114.296464556282,99.4032192637643,1.14982658914696,10181.7111826555
1,4.5,0.1,4,"targ0.1-0.2-0.3-0.4_cl_size5_r_size5",122.639610306789,101.788997440784,1.20484151912524,15662.9653767549
1,1.5,0.2,4,"targ0.1-0.2-0.3-0.4_cl_size5_r_size5",118.468037431535,104.009614940158,1.13901044148366,9795.86841484421
1,2.5,0.2,4,"targ0.1-0.2-0.3-0.4_cl_size5_r_size5",113.852813742386,102.200782775867,1.11401117144154,12450.7567656731
1,3.5,0.2,4,"targ0.1-0.2-0.3-0.4_cl_size5_r_size5",96.39696961967,78.873316146844,1.22217467616299,6674.9155262452
1,4.5,0.2,4,"targ0.1-0.2-0.3-0.4_cl_size5_r_size5",115.639610306789,75.0732975164938,1.54035608042104,12933.5609505101
1,1.5,0.3,4,"targ0.1-0.2-0.3-0.4_cl_size5_r_size5",120.095454429505,111.825757319144,1.073951630721,5909.50739753869
1,2.5,0.3,4,"targ0.1-0.2-0.3-0.4_cl_size5_r_size5",NA,NA,NA,NA
1,3.5,0.3,4,"targ0.1-0.2-0.3-0.4_cl_size5_r_size5",128.539105243401,97.4525525576421,1.31899167204852,12763.6900056035
1,4.5,0.3,4,"targ0.1-0.2-0.3-0.4_cl_size5_r_size5",107.740115370178,83.6301381082203,1.28829292653754,6850.59003510188
1,1.5,0.4,4,"targ0.1-0.2-0.3-0.4_cl_size5_r_size5",105.953318805774,99.3227063666713,1.06675827393008,7687.07640665236
1,2.5,0.4,4,"targ0.1-0.2-0.3-0.4_cl_size5_r_size5",94.4264068711929,79.2085853932514,1.1921233841305,3997.7840112194
1,3.5,0.4,4,"targ0.1-0.2-0.3-0.4_cl_size5_r_size5",113.225396744416,100.184829190851,1.13016509244851,6083.94699713202
1,4.5,0.4,4,"targ0.1-0.2-0.3-0.4_cl_size5_r_size5",111.183766184074,92.1791733527699,1.20617013735384,7460.9800899811
1,1.5,0.1,5,"targ0.1-0.2-0.3-0.4_cl_size5_r_size5",96.2253967444162,88.2043082847998,1.09093760401949,7093.78469071228
1,2.5,0.1,5,"targ0.1-0.2-0.3-0.4_cl_size5_r_size5",106.367532368147,95.2680429105164,1.11650800329819,12638.8844302573
1,3.5,0.1,5,"targ0.1-0.2-0.3-0.4_cl_size5_r_size5",127.195959492893,109.808924956034,1.15833899242544,11632.1551043831
1,4.5,0.1,5,"targ0.1-0.2-0.3-0.4_cl_size5_r_size5",121.195959492893,105.688220724923,1.14673100428413,18328.5767126385
1,1.5,0.2,5,"targ0.1-0.2-0.3-0.4_cl_size5_r_size5",107.296464556282,96.1769203083567,1.11561551578356,8356.87159495793
1,2.5,0.2,5,"targ0.1-0.2-0.3-0.4_cl_size5_r_size5",112.053823869162,98.5951317256587,1.13650463169878,6425.17306794502
1,3.5,0.2,5,"targ0.1-0.2-0.3-0.4_cl_size5_r_size5",102.811183182043,81.8413098624405,1.25622602271211,9155.45933203182
1,4.5,0.2,5,"targ0.1-0.2-0.3-0.4_cl_size5_r_size5",121.39696961967,102.342562016006,1.18618263240942,15047.4888772259
1,1.5,0.3,5,"targ0.1-0.2-0.3-0.4_cl_size5_r_size5",101.811183182043,90.8019823572151,1.12124405810347,4893.15550110951
1,2.5,0.3,5,"targ0.1-0.2-0.3-0.4_cl_size5_r_size5",114.568542494924,97.9897953870708,1.16918850623542,9666.48890292115
1,3.5,0.3,5,"targ0.1-0.2-0.3-0.4_cl_size5_r_size5",135.710678118655,109.622078068243,1.23798673141528,15603.3147184028
1,4.5,0.3,5,"targ0.1-0.2-0.3-0.4_cl_size5_r_size5",NA,NA,NA,NA
1,1.5,0.4,5,"targ0.1-0.2-0.3-0.4_cl_size5_r_size5",110.610173055266,102.176318195558,1.08254216836788,8227.95339780827
1,2.5,0.4,5,"targ0.1-0.2-0.3-0.4_cl_size5_r_size5",85.9827560572969,77.987178433381,1.10252425827594,3289.54345195357
1,3.5,0.4,5,"targ0.1-0.2-0.3-0.4_cl_size5_r_size5",121.325901807805,95.4410813015025,1.27121256542066,8995.35280465241
1,4.5,0.4,5,"targ0.1-0.2-0.3-0.4_cl_size5_r_size5",110.296464556282,93.1933474020544,1.18352294054254,7299.65787419843
1,1.5,0.1,6,"targ0.1-0.2-0.3-0.4_cl_size5_r_size5",87.3675323681471,84.504437753292,1.03388099715205,6943.30593055906
1,2.5,0.1,6,"targ0.1-0.2-0.3-0.4_cl_size5_r_size5",115.882250993909,104.307238483242,1.11097036676439,9448.73386639486
1,3.5,0.1,6,"targ0.1-0.2-0.3-0.4_cl_size5_r_size5",127.911688245431,92.7200086281273,1.37954784666218,16028.9666672738
1,4.5,0.1,6,"targ0.1-0.2-0.3-0.4_cl_size5_r_size5",136.367532368147,114.58621208505,1.19008674679752,18247.7059827448
1,1.5,0.2,6,"targ0.1-0.2-0.3-0.4_cl_size5_r_size5",77.2253967444162,73,1.05788214718378,4906.52483581782
1,2.5,0.2,6,"targ0.1-0.2-0.3-0.4_cl_size5_r_size5",114.982756057297,96.9381245950219,1.18614586920946,7054.04878460977
1,3.5,0.2,6,"targ0.1-0.2-0.3-0.4_cl_size5_r_size5",111.639610306789,93.5093578204877,1.19388703878286,7862.09016225664
1,4.5,0.2,6,"targ0.1-0.2-0.3-0.4_cl_size5_r_size5",128.225396744416,108.406641862941,1.18281864045315,11203.8350165189
1,1.5,0.3,6,"targ0.1-0.2-0.3-0.4_cl_size5_r_size5",126.438600180013,114.109596441316,1.10804528386039,10300.915452425
1,2.5,0.3,6,"targ0.1-0.2-0.3-0.4_cl_size5_r_size5",102.01219330882,87.7097486029917,1.16306562193635,5613.85239806191
1,3.5,0.3,6,"targ0.1-0.2-0.3-0.4_cl_size5_r_size5",NA,NA,NA,NA
1,4.5,0.3,6,"targ0.1-0.2-0.3-0.4_cl_size5_r_size5",116.39696961967,86.9770084562581,1.33824986264281,7427.47560478561
1,1.5,0.4,6,"targ0.1-0.2-0.3-0.4_cl_size5_r_size5",NA,NA,NA,NA
1,2.5,0.4,6,"targ0.1-0.2-0.3-0.4_cl_size5_r_size5",111.811183182043,95.7757798193259,1.16742649752335,8245.54095485181
1,3.5,0.4,6,"targ0.1-0.2-0.3-0.4_cl_size5_r_size5",122.811183182043,97.5909831900468,1.25842756336293,7066.63217452977
1,4.5,0.4,6,"targ0.1-0.2-0.3-0.4_cl_size5_r_size5",118.811183182043,94.4033897696476,1.25854784952058,11484.3161266479
1,1.5,0.1,7,"targ0.1-0.2-0.3-0.4_cl_size5_r_size5",96.095454429505,94.1116358374457,1.02107941886682,8392.6002287359
1,2.5,0.1,7,"targ0.1-0.2-0.3-0.4_cl_size5_r_size5",99.7106781186548,91.2195154558497,1.09308493495468,12622.1276660936
1,3.5,0.1,7,"targ0.1-0.2-0.3-0.4_cl_size5_r_size5",67.4264068711929,61.5873363606513,1.09480959651102,5015.3340298502
1,4.5,0.1,7,"targ0.1-0.2-0.3-0.4_cl_size5_r_size5",115.539105243401,100.40916292849,1.15068288464556,23596.0774402697
1,1.5,0.2,7,"targ0.1-0.2-0.3-0.4_cl_size5_r_size5",95.0538238691624,83.0060238777885,1.14514368269358,6978.60466301764
1,2.5,0.2,7,"targ0.1-0.2-0.3-0.4_cl_size5_r_size5",116.225396744416,88.2383136738231,1.31717608718191,7505.38630141786
1,3.5,0.2,7,"targ0.1-0.2-0.3-0.4_cl_size5_r_size5",97.9827560572969,79.3221280602078,1.23525122753799,5277.75234914795
1,4.5,0.2,7,"targ0.1-0.2-0.3-0.4_cl_size5_r_size5",146.78174593052,114.477071940192,1.28219339858033,16730.1803904318
1,1.5,0.3,7,"targ0.1-0.2-0.3-0.4_cl_size5_r_size5",90.3675323681471,86.6833317310773,1.04250183470681,3166.5104366283
1,2.5,0.3,7,"targ0.1-0.2-0.3-0.4_cl_size5_r_size5",114.740115370178,99.2824254337091,1.15569412077659,9554.96210415991
1,3.5,0.3,7,"targ0.1-0.2-0.3-0.4_cl_size5_r_size5",83.5685424949238,69.6347614342147,1.20009806558859,3907.9910416233
1,4.5,0.3,7,"targ0.1-0.2-0.3-0.4_cl_size5_r_size5",103.911688245431,87.6184911990614,1.18595614719447,10393.5256170262
1,1.5,0.4,7,"targ0.1-0.2-0.3-0.4_cl_size5_r_size5",NA,NA,NA,NA
1,2.5,0.4,7,"targ0.1-0.2-0.3-0.4_cl_size5_r_size5",116.78174593052,105.475115548645,1.10719713671857,5370.73754393003
1,3.5,0.4,7,"targ0.1-0.2-0.3-0.4_cl_size5_r_size5",103.710678118655,94.2602779541839,1.10025856457865,7457.09647826174
1,4.5,0.4,7,"targ0.1-0.2-0.3-0.4_cl_size5_r_size5",119.740115370178,84.4037913840368,1.41865801768739,9311.88047782242
1,1.5,0.1,8,"targ0.1-0.2-0.3-0.4_cl_size5_r_size5",116.923881554251,110.801624536827,1.05525421710211,12280.7940639015
1,2.5,0.1,8,"targ0.1-0.2-0.3-0.4_cl_size5_r_size5",96.1543289325507,84.5990543682375,1.13658869653573,10208.7023689616
1,3.5,0.1,8,"targ0.1-0.2-0.3-0.4_cl_size5_r_size5",112.610173055266,101.911726508778,1.10497758121649,17747.3517039913
1,4.5,0.1,8,"targ0.1-0.2-0.3-0.4_cl_size5_r_size5",117.639610306789,92.4553946506098,1.27239314429786,13293.1752694182
1,1.5,0.2,8,"targ0.1-0.2-0.3-0.4_cl_size5_r_size5",NA,NA,NA,NA
1,2.5,0.2,8,"targ0.1-0.2-0.3-0.4_cl_size5_r_size5",105.325901807805,90.4267659490264,1.16476466566522,9687.28072190426
1,3.5,0.2,8,"targ0.1-0.2-0.3-0.4_cl_size5_r_size5",NA,NA,NA,NA
1,4.5,0.2,8,"targ0.1-0.2-0.3-0.4_cl_size5_r_size5",128.053823869162,104.06248123123,1.23054747834259,16499.4776290474
1,1.5,0.3,8,"targ0.1-0.2-0.3-0.4_cl_size5_r_size5",112.053823869162,100.722390757964,1.11250162973621,6091.61899912894
1,2.5,0.3,8,"targ0.1-0.2-0.3-0.4_cl_size5_r_size5",111.468037431535,97.4525525576421,1.14381855073117,10665.6090428313
1,3.5,0.3,8,"targ0.1-0.2-0.3-0.4_cl_size5_r_size5",146.195959492893,123.761868117769,1.18126820252727,11706.7173123492
1,4.5,0.3,8,"targ0.1-0.2-0.3-0.4_cl_size5_r_size5",NA,NA,NA,NA
1,1.5,0.4,8,"targ0.1-0.2-0.3-0.4_cl_size5_r_size5",94.39696961967,85.7029754442633,1.10144331781177,3664.69148315901
1,2.5,0.4,8,"targ0.1-0.2-0.3-0.4_cl_size5_r_size5",104.225396744416,92.8008620649614,1.12310806629638,5074.13995680245
1,3.5,0.4,8,"targ0.1-0.2-0.3-0.4_cl_size5_r_size5",100.740115370178,81.8352002502591,1.23101202248062,6352.06825423134
1,4.5,0.4,8,"targ0.1-0.2-0.3-0.4_cl_size5_r_size5",117.497474683058,86.4522989862039,1.35910179441045,7011.44640502589
1,1.5,0.1,9,"targ0.1-0.2-0.3-0.4_cl_size5_r_size5",117.16652224137,111.126054550677,1.05435689870497,12018.1164030811
1,2.5,0.1,9,"targ0.1-0.2-0.3-0.4_cl_size5_r_size5",112.639610306789,99.6443676280802,1.13041622911606,11603.1343029764
1,3.5,0.1,9,"targ0.1-0.2-0.3-0.4_cl_size5_r_size5",96.39696961967,81.344944526381,1.18503946595486,8109.0461906866
1,4.5,0.1,9,"targ0.1-0.2-0.3-0.4_cl_size5_r_size5",98.1543289325507,83.815273071201,1.1710792715448,15201.8161254884
1,1.5,0.2,9,"targ0.1-0.2-0.3-0.4_cl_size5_r_size5",NA,NA,NA,NA
1,2.5,0.2,9,"targ0.1-0.2-0.3-0.4_cl_size5_r_size5",114.811183182043,92.9623579735368,1.23502873297089,9926.36108890546
1,3.5,0.2,9,"targ0.1-0.2-0.3-0.4_cl_size5_r_size5",101.39696961967,79.6492310069595,1.27304392443927,7530.26882282241
1,4.5,0.2,9,"targ0.1-0.2-0.3-0.4_cl_size5_r_size5",NA,NA,NA,NA
1,1.5,0.3,9,"targ0.1-0.2-0.3-0.4_cl_size5_r_size5",97.4680374315355,88.8650662521556,1.09680937113093,3498.31189489864
1,2.5,0.3,9,"targ0.1-0.2-0.3-0.4_cl_size5_r_size5",114.39696961967,99.0201999594022,1.15528922044767,10727.8479733692
1,3.5,0.3,9,"targ0.1-0.2-0.3-0.4_cl_size5_r_size5",90.9827560572969,74.706090782479,1.21787601391445,6412.84618327707
1,4.5,0.3,9,"targ0.1-0.2-0.3-0.4_cl_size5_r_size5",132.438600180013,108.466584716216,1.22100829971291,14084.4707154664
1,1.5,0.4,9,"targ0.1-0.2-0.3-0.4_cl_size5_r_size5",93.4680374315355,85.2115015710907,1.09689461760695,6270.97350137185
1,2.5,0.4,9,"targ0.1-0.2-0.3-0.4_cl_size5_r_size5",117.580735803744,107.814655775548,1.09058211945254,10237.6179131436
1,3.5,0.4,9,"targ0.1-0.2-0.3-0.4_cl_size5_r_size5",134.237590053236,122.347864713692,1.0971796718101,7623.61783336532
1,4.5,0.4,9,"targ0.1-0.2-0.3-0.4_cl_size5_r_size5",83.8406204335659,72.7186358507914,1.15294545136401,4839.08549488154
1,1.5,0.1,10,"targ0.1-0.2-0.3-0.4_cl_size5_r_size5",NA,NA,NA,NA
1,2.5,0.1,10,"targ0.1-0.2-0.3-0.4_cl_size5_r_size5",145.882250993909,111.803398874989,1.30481051973226,17946.6607966537
1,3.5,0.1,10,"targ0.1-0.2-0.3-0.4_cl_size5_r_size5",127.811183182043,108.226614102078,1.18095890038188,22877.5667775261
1,4.5,0.1,10,"targ0.1-0.2-0.3-0.4_cl_size5_r_size5",76.6690475583121,58,1.32188013031573,6936.23939497725
1,1.5,0.2,10,"targ0.1-0.2-0.3-0.4_cl_size5_r_size5",97.8406204335659,86.4060183089118,1.13233571397509,4948.94343290051
1,2.5,0.2,10,"targ0.1-0.2-0.3-0.4_cl_size5_r_size5",119.053823869162,104.623133197205,1.13793020941896,7665.66298169587
1,3.5,0.2,10,"targ0.1-0.2-0.3-0.4_cl_size5_r_size5",125.539105243401,106.826962888589,1.1751631034791,15106.7613973094
1,4.5,0.2,10,"targ0.1-0.2-0.3-0.4_cl_size5_r_size5",138.953318805774,108.977061806602,1.27506941829988,13456.3584650457
1,1.5,0.3,10,"targ0.1-0.2-0.3-0.4_cl_size5_r_size5",NA,NA,NA,NA
1,2.5,0.3,10,"targ0.1-0.2-0.3-0.4_cl_size5_r_size5",104.911688245431,82.0975030070952,1.27789134142563,6861.14627358263
1,3.5,0.3,10,"targ0.1-0.2-0.3-0.4_cl_size5_r_size5",120.740115370178,96.6074531286277,1.24980124679841,9466.96052047347
1,4.5,0.3,10,"targ0.1-0.2-0.3-0.4_cl_size5_r_size5",NA,NA,NA,NA
1,1.5,0.4,10,"targ0.1-0.2-0.3-0.4_cl_size5_r_size5",113.923881554251,107.517440445725,1.05958513411376,5149.66103322982
1,2.5,0.4,10,"targ0.1-0.2-0.3-0.4_cl_size5_r_size5",110.639610306789,92.1140597303148,1.20111534146592,5909.87135204656
1,3.5,0.4,10,"targ0.1-0.2-0.3-0.4_cl_size5_r_size5",134.225396744416,111.04053313993,1.20879640027726,8774.94304408176
1,4.5,0.4,10,"targ0.1-0.2-0.3-0.4_cl_size5_r_size5",97.9116882454314,78.873316146844,1.2413791257761,7239.61762620195
1,1.5,0.1,11,"targ0.1-0.2-0.3-0.4_cl_size5_r_size5",88.6101730552664,86.4522989862039,1.02496028554899,4104.44991567688
1,2.5,0.1,11,"targ0.1-0.2-0.3-0.4_cl_size5_r_size5",125.953318805774,112.004464196745,1.12453838076067,16971.8403919522
1,3.5,0.1,11,"targ0.1-0.2-0.3-0.4_cl_size5_r_size5",93.5685424949238,81.6884324736373,1.1454319744123,8591.72479001229
1,4.5,0.1,11,"targ0.1-0.2-0.3-0.4_cl_size5_r_size5",130.195959492893,110.801624536827,1.17503655778639,19839.4955346807
1,1.5,0.2,11,"targ0.1-0.2-0.3-0.4_cl_size5_r_size5",112.852813742386,104.690018626419,1.07797109240275,5467.35385466113
1,2.5,0.2,11,"targ0.1-0.2-0.3-0.4_cl_size5_r_size5",90.6396103067893,78.7718223732319,1.15066031959152,4427.43680335784
1,3.5,0.2,11,"targ0.1-0.2-0.3-0.4_cl_size5_r_size5",118.195959492893,98.979795918157,1.19414228324562,13872.9264285732
1,4.5,0.2,11,"targ0.1-0.2-0.3-0.4_cl_size5_r_size5",114.053823869162,91.2195154558497,1.25032262339044,12239.4532155965
1,1.5,0.3,11,"targ0.1-0.2-0.3-0.4_cl_size5_r_size5",119.095454429505,111.400179533069,1.06907776027553,9808.76788981137
1,2.5,0.3,11,"targ0.1-0.2-0.3-0.4_cl_size5_r_size5",104.982756057297,91.2414379544733,1.15060391868966,5706.11647117269
1,3.5,0.3,11,"targ0.1-0.2-0.3-0.4_cl_size5_r_size5",139.811183182043,111.825757319144,1.25025921159676,14402.7288000511
1,4.5,0.3,11,"targ0.1-0.2-0.3-0.4_cl_size5_r_size5",142.982756057297,109.786155775671,1.30237510410199,13910.2084311231
1,1.5,0.4,11,"targ0.1-0.2-0.3-0.4_cl_size5_r_size5",95.0538238691624,87.9204185613331,1.0811347969511,3771.59320755328
1,2.5,0.4,11,"targ0.1-0.2-0.3-0.4_cl_size5_r_size5",NA,NA,NA,NA
1,3.5,0.4,11,"targ0.1-0.2-0.3-0.4_cl_size5_r_size5",123.02438661764,107.615054708902,1.14318937020865,9456.51268616447
1,4.5,0.4,11,"targ0.1-0.2-0.3-0.4_cl_size5_r_size5",100.669047558312,77.2010362624751,1.30398570319767,5364.20933658328
1,1.5,0.1,12,"targ0.1-0.2-0.3-0.4_cl_size5_r_size5",109.610173055266,102.902866821095,1.06518094627852,10204.0482035994
1,2.5,0.1,12,"targ0.1-0.2-0.3-0.4_cl_size5_r_size5",96.7695526217005,83.6301381082203,1.15711339010917,9249.9334397043
1,3.5,0.1,12,"targ0.1-0.2-0.3-0.4_cl_size5_r_size5",NA,NA,NA,NA
1,4.5,0.1,12,"targ0.1-0.2-0.3-0.4_cl_size5_r_size5",110.568542494924,91.9673855233473,1.20225819039788,16110.1296549989
1,1.5,0.2,12,"targ0.1-0.2-0.3-0.4_cl_size5_r_size5",107.40916292849,105.475115548645,1.01833652771826,9619.29079713259
1,2.5,0.2,12,"targ0.1-0.2-0.3-0.4_cl_size5_r_size5",126.053823869162,103.773792452623,1.2146980551637,8642.3798934586
1,3.5,0.2,12,"targ0.1-0.2-0.3-0.4_cl_size5_r_size5",89.0121933088198,73.0616178304313,1.21831675717075,4628.78125825721
1,4.5,0.2,12,"targ0.1-0.2-0.3-0.4_cl_size5_r_size5",118.225396744416,95.770559150503,1.23446493153105,14041.9800723073
1,1.5,0.3,12,"targ0.1-0.2-0.3-0.4_cl_size5_r_size5",73.1543289325507,67.6756972627545,1.08095419613521,2689.71353263774
1,2.5,0.3,12,"targ0.1-0.2-0.3-0.4_cl_size5_r_size5",NA,NA,NA,NA
1,3.5,0.3,12,"targ0.1-0.2-0.3-0.4_cl_size5_r_size5",80.3553390593274,53.2634959423431,1.50863809514702,4562.53656541098
1,4.5,0.3,12,"targ0.1-0.2-0.3-0.4_cl_size5_r_size5",NA,NA,NA,NA
1,1.5,0.4,12,"targ0.1-0.2-0.3-0.4_cl_size5_r_size5",123.40916292849,116.69190203266,1.05756407067518,10804.1673191189
1,2.5,0.4,12,"targ0.1-0.2-0.3-0.4_cl_size5_r_size5",121.195959492893,103.227903204512,1.17406200969503,9941.54538469807
1,3.5,0.4,12,"targ0.1-0.2-0.3-0.4_cl_size5_r_size5",102.053823869162,88.3911760301898,1.15457026880496,4992.0394414056
1,4.5,0.4,12,"targ0.1-0.2-0.3-0.4_cl_size5_r_size5",113.468037431535,98.351410767716,1.15370015077386,6971.80707323939
1,1.5,0.1,13,"targ0.1-0.2-0.3-0.4_cl_size5_r_size5",80.2253967444162,75.0732975164938,1.0686275866168,5289.7983781852
1,2.5,0.1,13,"targ0.1-0.2-0.3-0.4_cl_size5_r_size5",98.1248916810278,89.0505474435727,1.10190104943718,10282.5884538978
1,3.5,0.1,13,"targ0.1-0.2-0.3-0.4_cl_size5_r_size5",105.39696961967,84.8645980371085,1.24194271884235,9119.89536642594
1,4.5,0.1,13,"targ0.1-0.2-0.3-0.4_cl_size5_r_size5",86.1543289325507,71.505244562899,1.20486727175327,7182.01013765828
1,1.5,0.2,13,"targ0.1-0.2-0.3-0.4_cl_size5_r_size5",103.852813742386,98.5951317256587,1.05332597994145,5188.03004489438
1,2.5,0.2,13,"targ0.1-0.2-0.3-0.4_cl_size5_r_size5",127.639610306789,104.995237987254,1.21567046995298,12627.5022774181
1,3.5,0.2,13,"targ0.1-0.2-0.3-0.4_cl_size5_r_size5",146.124891681028,113.850779531806,1.28347730495956,16556.1614864668
1,4.5,0.2,13,"targ0.1-0.2-0.3-0.4_cl_size5_r_size5",74.1837661840736,59.4810894318522,1.24718237161857,7063.55562995267
1,1.5,0.3,13,"targ0.1-0.2-0.3-0.4_cl_size5_r_size5",120.681240867132,112.004464196745,1.0774681324768,10531.7364620416
1,2.5,0.3,13,"targ0.1-0.2-0.3-0.4_cl_size5_r_size5",76.7695526217005,64.6374504447692,1.18769462739403,4819.81258191915
1,3.5,0.3,13,"targ0.1-0.2-0.3-0.4_cl_size5_r_size5",139.124891681028,104.043260233424,1.33718312333636,10529.8333296689
1,4.5,0.3,13,"targ0.1-0.2-0.3-0.4_cl_size5_r_size5",132.639610306789,108.466584716216,1.22286149834825,11983.5727652865
1,1.5,0.4,13,"targ0.1-0.2-0.3-0.4_cl_size5_r_size5",108.267027304759,101.862652625975,1.06287264776326,4458.6735311072
1,2.5,0.4,13,"targ0.1-0.2-0.3-0.4_cl_size5_r_size5",122.639610306789,106.831643252362,1.14797083123663,10245.5269046463
1,3.5,0.4,13,"targ0.1-0.2-0.3-0.4_cl_size5_r_size5",101.468037431535,91.6787870774914,1.10677770361174,4752.86133175739
1,4.5,0.4,13,"targ0.1-0.2-0.3-0.4_cl_size5_r_size5",NA,NA,NA,NA
1,1.5,0.1,14,"targ0.1-0.2-0.3-0.4_cl_size5_r_size5",90.539105243401,85.9127464349732,1.05384950429829,3670.84184337195
1,2.5,0.1,14,"targ0.1-0.2-0.3-0.4_cl_size5_r_size5",107.083261120685,94.9368210969801,1.12794235032683,11571.5078374883
1,3.5,0.1,14,"targ0.1-0.2-0.3-0.4_cl_size5_r_size5",87.6690475583121,66.2193325245732,1.32391922745188,8063.0167101318
1,4.5,0.1,14,"targ0.1-0.2-0.3-0.4_cl_size5_r_size5",NA,NA,NA,NA
1,1.5,0.2,14,"targ0.1-0.2-0.3-0.4_cl_size5_r_size5",82.539105243401,79.9312204335703,1.03262661067459,6076.26057892786
1,2.5,0.2,14,"targ0.1-0.2-0.3-0.4_cl_size5_r_size5",115.225396744416,98.2700361249552,1.17253845920949,12274.3748171863
1,3.5,0.2,14,"targ0.1-0.2-0.3-0.4_cl_size5_r_size5",120.539105243401,96.2133046932699,1.25283198230933,12903.905835478
1,4.5,0.2,14,"targ0.1-0.2-0.3-0.4_cl_size5_r_size5",107.840620433566,79.3095202355934,1.35974369928376,10971.0380613429
1,1.5,0.3,14,"targ0.1-0.2-0.3-0.4_cl_size5_r_size5",107.053823869162,97.7547952787995,1.09512606070978,5426.91866121751
1,2.5,0.3,14,"targ0.1-0.2-0.3-0.4_cl_size5_r_size5",125.468037431535,106.400187969759,1.17920879488668,11538.189689278
1,3.5,0.3,14,"targ0.1-0.2-0.3-0.4_cl_size5_r_size5",97.254833995939,82.8613299434664,1.17370592606096,6471.3104135008
1,4.5,0.3,14,"targ0.1-0.2-0.3-0.4_cl_size5_r_size5",106.083261120685,82.0365772079747,1.29312149203579,5630.12790925746
1,1.5,0.4,14,"targ0.1-0.2-0.3-0.4_cl_size5_r_size5",108.882250993909,97,1.12249743292689,7734.10038972946
1,2.5,0.4,14,"targ0.1-0.2-0.3-0.4_cl_size5_r_size5",80.3259018078045,72.4706837279737,1.10839166509476,2634.19631843039
1,3.5,0.4,14,"targ0.1-0.2-0.3-0.4_cl_size5_r_size5",102.710678118655,89.3756118860173,1.1492025167855,5591.9223863252
1,4.5,0.4,14,"targ0.1-0.2-0.3-0.4_cl_size5_r_size5",88.4974746830583,73.7360156233031,1.20019333747524,6428.93148945654
1,1.5,0.1,15,"targ0.1-0.2-0.3-0.4_cl_size5_r_size5",105.953318805774,99.3227063666713,1.06675827393008,5887.88376108229
1,2.5,0.1,15,"targ0.1-0.2-0.3-0.4_cl_size5_r_size5",114.539105243401,101.788997440784,1.1252601766712,15828.7193935333
1,3.5,0.1,15,"targ0.1-0.2-0.3-0.4_cl_size5_r_size5",122.053823869162,101.513545894132,1.20234026694774,12170.5035491492
1,4.5,0.1,15,"targ0.1-0.2-0.3-0.4_cl_size5_r_size5",115.225396744416,89.1571646027396,1.29238516341148,15389.9507522614
1,1.5,0.2,15,"targ0.1-0.2-0.3-0.4_cl_size5_r_size5",110.338095116624,105.380263806844,1.04704705730162,5186.38641510656
1,2.5,0.2,15,"targ0.1-0.2-0.3-0.4_cl_size5_r_size5",128.468037431535,108.07404868885,1.18870384694665,13666.426692225
1,3.5,0.2,15,"targ0.1-0.2-0.3-0.4_cl_size5_r_size5",124.710678118655,103.276328362312,1.20754368494925,10806.312416688
1,4.5,0.2,15,"targ0.1-0.2-0.3-0.4_cl_size5_r_size5",89.1543289325507,76.4852927038918,1.16564016140602,7082.03706870747
1,1.5,0.3,15,"targ0.1-0.2-0.3-0.4_cl_size5_r_size5",132.338095116624,120.917327128911,1.09445104567634,6948.28122089767
1,2.5,0.3,15,"targ0.1-0.2-0.3-0.4_cl_size5_r_size5",103.497474683058,88.5098864534352,1.16933236308588,5402.6943058813
1,3.5,0.3,15,"targ0.1-0.2-0.3-0.4_cl_size5_r_size5",134.02438661764,112.614386292338,1.19011780848073,9073.49210132914
1,4.5,0.3,15,"targ0.1-0.2-0.3-0.4_cl_size5_r_size5",NA,NA,NA,NA
1,1.5,0.4,15,"targ0.1-0.2-0.3-0.4_cl_size5_r_size5",110.124891681028,99.4886928248633,1.10690862000658,5301.63703783592
1,2.5,0.4,15,"targ0.1-0.2-0.3-0.4_cl_size5_r_size5",81.254833995939,69.5269731830748,1.16868073318801,3556.80731555836
1,3.5,0.4,15,"targ0.1-0.2-0.3-0.4_cl_size5_r_size5",NA,NA,NA,NA
1,4.5,0.4,15,"targ0.1-0.2-0.3-0.4_cl_size5_r_size5",141.953318805774,114.109596441316,1.24400859553278,10141.295994492
1,1.5,0.1,16,"targ0.1-0.2-0.3-0.4_cl_size5_r_size5",79.0538238691624,75.1664818918645,1.05171642837948,2983.97850995359
1,2.5,0.1,16,"targ0.1-0.2-0.3-0.4_cl_size5_r_size5",100.497474683058,89.0673902166219,1.12833074415493,7977.16500744152
1,3.5,0.1,16,"targ0.1-0.2-0.3-0.4_cl_size5_r_size5",111.982756057297,82.3771813064759,1.35939048024327,13976.9685983699
1,4.5,0.1,16,"targ0.1-0.2-0.3-0.4_cl_size5_r_size5",137.539105243401,113.569362065656,1.21105818278602,25119.6932109618
1,1.5,0.2,16,"targ0.1-0.2-0.3-0.4_cl_size5_r_size5",127.580735803744,119.004201606498,1.0720691713525,6956.80122654589
1,2.5,0.2,16,"targ0.1-0.2-0.3-0.4_cl_size5_r_size5",121.982756057297,102.068604379603,1.195105554727,11758.0276367852
1,3.5,0.2,16,"targ0.1-0.2-0.3-0.4_cl_size5_r_size5",75.254833995939,61.2209114600559,1.22923413260581,5746.37726076995
1,4.5,0.2,16,"targ0.1-0.2-0.3-0.4_cl_size5_r_size5",106.083261120685,74.8465096046569,1.41734413108938,10887.2556744761
1,1.5,0.3,16,"targ0.1-0.2-0.3-0.4_cl_size5_r_size5",NA,NA,NA,NA
1,2.5,0.3,16,"targ0.1-0.2-0.3-0.4_cl_size5_r_size5",110.053823869162,97.4525525576421,1.1293067342086,9461.50894540541
1,3.5,0.3,16,"targ0.1-0.2-0.3-0.4_cl_size5_r_size5",97.4264068711929,83.240615086627,1.17041911295109,6577.04573546557
1,4.5,0.3,16,"targ0.1-0.2-0.3-0.4_cl_size5_r_size5",128.882250993909,103.077640640442,1.25034149203589,10967.6837648256
1,1.5,0.4,16,"targ0.1-0.2-0.3-0.4_cl_size5_r_size5",108.710678118655,99.8599018625594,1.08863193425002,8041.24767135154
1,2.5,0.4,16,"targ0.1-0.2-0.3-0.4_cl_size5_r_size5",99.5685424949238,87.1148666990887,1.14295695175489,4777.39583242007
1,3.5,0.4,16,"targ0.1-0.2-0.3-0.4_cl_size5_r_size5",134.78174593052,115.745410276175,1.16446730465531,9061.33673463588
1,4.5,0.4,16,"targ0.1-0.2-0.3-0.4_cl_size5_r_size5",NA,NA,NA,NA
1,1.5,0.1,17,"targ0.1-0.2-0.3-0.4_cl_size5_r_size5",85.8111831820431,79.0759128938769,1.0851747395848,6339.52306937141
1,2.5,0.1,17,"targ0.1-0.2-0.3-0.4_cl_size5_r_size5",93.1248916810278,84.8115558164098,1.09802126354826,9187.06141634806
1,3.5,0.1,17,"targ0.1-0.2-0.3-0.4_cl_size5_r_size5",NA,NA,NA,NA
1,4.5,0.1,17,"targ0.1-0.2-0.3-0.4_cl_size5_r_size5",114.568542494924,88.5663593019381,1.29358983927904,14810.1286523259
1,1.5,0.2,17,"targ0.1-0.2-0.3-0.4_cl_size5_r_size5",116.681240867132,108.853112036358,1.07191460753239,6379.11651586414
1,2.5,0.2,17,"targ0.1-0.2-0.3-0.4_cl_size5_r_size5",108.539105243401,94.2602779541839,1.15148297457978,6818.20796604471
1,3.5,0.2,17,"targ0.1-0.2-0.3-0.4_cl_size5_r_size5",NA,NA,NA,NA
1,4.5,0.2,17,"targ0.1-0.2-0.3-0.4_cl_size5_r_size5",114.568542494924,88.6002257333467,1.29309537923449,11784.3371985345
1,1.5,0.3,17,"targ0.1-0.2-0.3-0.4_cl_size5_r_size5",88.0538238691624,81.3203541556479,1.08280177556318,5364.02300990069
1,2.5,0.3,17,"targ0.1-0.2-0.3-0.4_cl_size5_r_size5",100.296464556282,89.8276126811795,1.11654380610402,4774.07405279781
1,3.5,0.3,17,"targ0.1-0.2-0.3-0.4_cl_size5_r_size5",110.911688245431,86.8331733843696,1.27729626734333,9638.66207184082
1,4.5,0.3,17,"targ0.1-0.2-0.3-0.4_cl_size5_r_size5",152.852813742386,113.137084989848,1.35104076400857,13583.3481460799
1,1.5,0.4,17,"targ0.1-0.2-0.3-0.4_cl_size5_r_size5",99.7401153701776,87.4185335040574,1.14094930871322,4644.92309910676
1,2.5,0.4,17,"targ0.1-0.2-0.3-0.4_cl_size5_r_size5",108.154328932551,89.4706655837543,1.20882445913299,7515.45197467696
1,3.5,0.4,17,"targ0.1-0.2-0.3-0.4_cl_size5_r_size5",96.7106781186548,83.4505841801003,1.15889755678567,6564.56688148244
1,4.5,0.4,17,"targ0.1-0.2-0.3-0.4_cl_size5_r_size5",118.254833995939,92.655275079188,1.27628819724373,7614.87463497515
1,1.5,0.1,18,"targ0.1-0.2-0.3-0.4_cl_size5_r_size5",107.811183182043,99.2824254337091,1.08590400275856,5815.89440585809
1,2.5,0.1,18,"targ0.1-0.2-0.3-0.4_cl_size5_r_size5",NA,NA,NA,NA
1,3.5,0.1,18,"targ0.1-0.2-0.3-0.4_cl_size5_r_size5",NA,NA,NA,NA
1,4.5,0.1,18,"targ0.1-0.2-0.3-0.4_cl_size5_r_size5",118.468037431535,104.623133197205,1.13233119493979,14858.7242463551
1,1.5,0.2,18,"targ0.1-0.2-0.3-0.4_cl_size5_r_size5",104.124891681028,95.2680429105164,1.09296767835181,7818.46431486639
1,2.5,0.2,18,"targ0.1-0.2-0.3-0.4_cl_size5_r_size5",126.124891681028,108.406641862941,1.16344247468239,9946.55046719127
1,3.5,0.2,18,"targ0.1-0.2-0.3-0.4_cl_size5_r_size5",121.78174593052,103.479466562212,1.17686870619211,13453.3139179295
1,4.5,0.2,18,"targ0.1-0.2-0.3-0.4_cl_size5_r_size5",107.982756057297,86.0232526704263,1.25527404167106,12331.5095079191
1,1.5,0.3,18,"targ0.1-0.2-0.3-0.4_cl_size5_r_size5",106.710678118655,98.4784240328814,1.08359449459736,8527.33657482468
1,2.5,0.3,18,"targ0.1-0.2-0.3-0.4_cl_size5_r_size5",121.639610306789,103.585713300628,1.1742894500689,10379.3719311098
1,3.5,0.3,18,"targ0.1-0.2-0.3-0.4_cl_size5_r_size5",100.225396744416,89.1066776397819,1.12477986385692,5839.69058413481
1,4.5,0.3,18,"targ0.1-0.2-0.3-0.4_cl_size5_r_size5",74.5979797464467,66.0378679243962,1.12962429119987,3583.65985271132
1,1.5,0.4,18,"targ0.1-0.2-0.3-0.4_cl_size5_r_size5",107.852813742386,101.138518873869,1.06638711880772,8229.48029487518
1,2.5,0.4,18,"targ0.1-0.2-0.3-0.4_cl_size5_r_size5",107.468037431535,96.6074531286277,1.11241973523976,8068.67580276795
1,3.5,0.4,18,"targ0.1-0.2-0.3-0.4_cl_size5_r_size5",124.610173055266,107.898100075951,1.15488755564325,7755.9371268961
1,4.5,0.4,18,"targ0.1-0.2-0.3-0.4_cl_size5_r_size5",109.539105243401,96.5194280961092,1.13489177675532,5776.65861418625
1,1.5,0.1,19,"targ0.1-0.2-0.3-0.4_cl_size5_r_size5",NA,NA,NA,NA
1,2.5,0.1,19,"targ0.1-0.2-0.3-0.4_cl_size5_r_size5",NA,NA,NA,NA
1,3.5,0.1,19,"targ0.1-0.2-0.3-0.4_cl_size5_r_size5",145.78174593052,123.044707322176,1.18478680719529,26365.9429956969
1,4.5,0.1,19,"targ0.1-0.2-0.3-0.4_cl_size5_r_size5",123.982756057297,100.955435712992,1.22809391274156,21540.714848966
1,1.5,0.2,19,"targ0.1-0.2-0.3-0.4_cl_size5_r_size5",95.39696961967,84.0238061504,1.13535644230294,5905.99856636323
1,2.5,0.2,19,"targ0.1-0.2-0.3-0.4_cl_size5_r_size5",143.195959492893,116.387284528852,1.23034023925006,11108.7079748424
1,3.5,0.2,19,"targ0.1-0.2-0.3-0.4_cl_size5_r_size5",78.8406204335659,68.8839603971781,1.14454250276812,3754.46434219675
1,4.5,0.2,19,"targ0.1-0.2-0.3-0.4_cl_size5_r_size5",112.195959492893,102.649890404228,1.09299638851122,9094.40520590272
1,1.5,0.3,19,"targ0.1-0.2-0.3-0.4_cl_size5_r_size5",NA,NA,NA,NA
1,2.5,0.3,19,"targ0.1-0.2-0.3-0.4_cl_size5_r_size5",112.225396744416,98.1121806912883,1.14384774605648,6550.8688205087
1,3.5,0.3,19,"targ0.1-0.2-0.3-0.4_cl_size5_r_size5",111.710678118655,95.4620343382645,1.17021053336046,6987.52018518573
1,4.5,0.3,19,"targ0.1-0.2-0.3-0.4_cl_size5_r_size5",86.4974746830583,74.2765104188397,1.16453336586904,7993.99368660817
1,1.5,0.4,19,"targ0.1-0.2-0.3-0.4_cl_size5_r_size5",114.580735803744,109.786155775671,1.0436719911923,9090.84099274446
1,2.5,0.4,19,"targ0.1-0.2-0.3-0.4_cl_size5_r_size5",139.681240867132,120.21647141719,1.16191433021182,12749.5398927453
1,3.5,0.4,19,"targ0.1-0.2-0.3-0.4_cl_size5_r_size5",131.568542494924,99.8248466064436,1.31799393605511,9987.04402230298
1,4.5,0.4,19,"targ0.1-0.2-0.3-0.4_cl_size5_r_size5",127.852813742386,109.87720418722,1.16359726012447,11566.8593180814
1,1.5,0.1,20,"targ0.1-0.2-0.3-0.4_cl_size5_r_size5",NA,NA,NA,NA
1,2.5,0.1,20,"targ0.1-0.2-0.3-0.4_cl_size5_r_size5",105.639610306789,94.339811320566,1.11977762969895,8549.38938198174
1,3.5,0.1,20,"targ0.1-0.2-0.3-0.4_cl_size5_r_size5",113.225396744416,98.3107318658548,1.15170942780604,11669.0905280368
1,4.5,0.1,20,"targ0.1-0.2-0.3-0.4_cl_size5_r_size5",99.8822509939086,90.9065454189081,1.09873552595844,8003.27195957355
1,1.5,0.2,20,"targ0.1-0.2-0.3-0.4_cl_size5_r_size5",124.367532368147,111.211510195663,1.11829730708034,11292.2917144458
1,2.5,0.2,20,"targ0.1-0.2-0.3-0.4_cl_size5_r_size5",122.982756057297,105.152270541344,1.16956824064909,12771.2602274814
1,3.5,0.2,20,"targ0.1-0.2-0.3-0.4_cl_size5_r_size5",143.539105243401,120.208152801713,1.19408793744774,14359.1153465132
1,4.5,0.2,20,"targ0.1-0.2-0.3-0.4_cl_size5_r_size5",125.195959492893,93.38094023943,1.34070142335137,14214.2388659294
1,1.5,0.3,20,"targ0.1-0.2-0.3-0.4_cl_size5_r_size5",116.338095116624,109.98636279103,1.05775018069888,6197.15191235347
1,2.5,0.3,20,"targ0.1-0.2-0.3-0.4_cl_size5_r_size5",100.982756057297,88.752464754507,1.13780227215796,8124.33078692422
1,3.5,0.3,20,"targ0.1-0.2-0.3-0.4_cl_size5_r_size5",114.982756057297,96.0468635614927,1.1971526377192,11313.9057289305
1,4.5,0.3,20,"targ0.1-0.2-0.3-0.4_cl_size5_r_size5",111.911688245431,87.6641317757725,1.27659609441726,7636.33130510143
1,1.5,0.4,20,"targ0.1-0.2-0.3-0.4_cl_size5_r_size5",117.509667991878,110.801624536827,1.06054102079362,5651.20908603921
1,2.5,0.4,20,"targ0.1-0.2-0.3-0.4_cl_size5_r_size5",84.39696961967,75.8221603490694,1.11309107035626,2725.75186296127
1,3.5,0.4,20,"targ0.1-0.2-0.3-0.4_cl_size5_r_size5",88.4680374315355,82.2192191643779,1.07600191695648,6728.81200418323
1,4.5,0.4,20,"targ0.1-0.2-0.3-0.4_cl_size5_r_size5",120.953318805774,102.303470126873,1.18229927739276,12021.5906280527
1,1.5,0.1,21,"targ0.1-0.2-0.3-0.4_cl_size5_r_size5",92.2964645562817,87.091905479212,1.05975938921571,6869.29116117187
1,2.5,0.1,21,"targ0.1-0.2-0.3-0.4_cl_size5_r_size5",99.2964645562817,89.4986033410578,1.10947501803896,7837.05105429751
1,3.5,0.1,21,"targ0.1-0.2-0.3-0.4_cl_size5_r_size5",79.1837661840736,65.4599113962126,1.20965281643591,5069.65171275758
1,4.5,0.1,21,"targ0.1-0.2-0.3-0.4_cl_size5_r_size5",70.8406204335659,58.7962583843564,1.20484912442004,5022.13996412603
1,1.5,0.2,21,"targ0.1-0.2-0.3-0.4_cl_size5_r_size5",122.852813742386,111.865991257397,1.0982141432038,11585.0290655596
1,2.5,0.2,21,"targ0.1-0.2-0.3-0.4_cl_size5_r_size5",136.296464556282,113.863953909918,1.19701152011734,10192.1148618622
1,3.5,0.2,21,"targ0.1-0.2-0.3-0.4_cl_size5_r_size5",129.367532368147,105.948100502085,1.22104626468127,11068.6230546211
1,4.5,0.2,21,"targ0.1-0.2-0.3-0.4_cl_size5_r_size5",95.8406204335659,74.6324326281812,1.28416851841135,10403.7898157806
1,1.5,0.3,21,"targ0.1-0.2-0.3-0.4_cl_size5_r_size5",120.02438661764,110,1.09113078743309,6769.4384069002
1,2.5,0.3,21,"targ0.1-0.2-0.3-0.4_cl_size5_r_size5",124.610173055266,105.801701309573,1.17777097639159,10961.0904053051
1,3.5,0.3,21,"targ0.1-0.2-0.3-0.4_cl_size5_r_size5",115.39696961967,96.3846460801719,1.19725469058302,7813.27640219456
1,4.5,0.3,21,"targ0.1-0.2-0.3-0.4_cl_size5_r_size5",NA,NA,NA,NA
1,1.5,0.4,21,"targ0.1-0.2-0.3-0.4_cl_size5_r_size5",115.195959492893,105.801701309573,1.0887911826279,5835.01466276255
1,2.5,0.4,21,"targ0.1-0.2-0.3-0.4_cl_size5_r_size5",102.982756057297,83.4086326467471,1.23467742833587,5644.75008297978
1,3.5,0.4,21,"targ0.1-0.2-0.3-0.4_cl_size5_r_size5",108.982756057297,92.633687176966,1.17649161313311,5359.91231809672
1,4.5,0.4,21,"targ0.1-0.2-0.3-0.4_cl_size5_r_size5",109.882250993909,92.2821759604746,1.19072019975962,6498.01108578675
1,1.5,0.1,22,"targ0.1-0.2-0.3-0.4_cl_size5_r_size5",101.225396744416,93.9414711402797,1.07753684837722,8148.19152266026
1,2.5,0.1,22,"targ0.1-0.2-0.3-0.4_cl_size5_r_size5",104.882250993909,95.6922149393565,1.09603744735532,12123.8615591942
1,3.5,0.1,22,"targ0.1-0.2-0.3-0.4_cl_size5_r_size5",107.225396744416,91.5259526036195,1.17152997258371,14773.5579527237
1,4.5,0.1,22,"targ0.1-0.2-0.3-0.4_cl_size5_r_size5",117.296464556282,102.342562016006,1.14611616365376,22651.1247484038
1,1.5,0.2,22,"targ0.1-0.2-0.3-0.4_cl_size5_r_size5",100.882250993909,92.1140597303148,1.09518841411685,7442.45363058935
1,2.5,0.2,22,"targ0.1-0.2-0.3-0.4_cl_size5_r_size5",86.7695526217005,69.2964645562817,1.25214977672097,4165.80223488723
1,3.5,0.2,22,"targ0.1-0.2-0.3-0.4_cl_size5_r_size5",91.6690475583121,70.0357051795725,1.3088901914141,9044.6801361977
1,4.5,0.2,22,"targ0.1-0.2-0.3-0.4_cl_size5_r_size5",144.811183182043,112.044633963434,1.29244193192957,22791.8723907788
1,1.5,0.3,22,"targ0.1-0.2-0.3-0.4_cl_size5_r_size5",116.095454429505,108.374351209131,1.0712447468818,5269.74399849122
1,2.5,0.3,22,"targ0.1-0.2-0.3-0.4_cl_size5_r_size5",105.195959492893,94.847245611035,1.1091092715997,9109.58814881389
1,3.5,0.3,22,"targ0.1-0.2-0.3-0.4_cl_size5_r_size5",120.568542494924,100.895986045036,1.19497858359903,12236.2260271827
1,4.5,0.3,22,"targ0.1-0.2-0.3-0.4_cl_size5_r_size5",132.882250993909,102.200782775867,1.30020776147408,11622.861015755
1,1.5,0.4,22,"targ0.1-0.2-0.3-0.4_cl_size5_r_size5",119.02438661764,108.577161502776,1.09621936114618,6535.94525371585
1,2.5,0.4,22,"targ0.1-0.2-0.3-0.4_cl_size5_r_size5",97.0832611206852,80.7774721070176,1.20186060034245,4156.47683704957
1,3.5,0.4,22,"targ0.1-0.2-0.3-0.4_cl_size5_r_size5",103.911688245431,81.5414005275848,1.27434269675414,6584.44691736814
1,4.5,0.4,22,"targ0.1-0.2-0.3-0.4_cl_size5_r_size5",118.195959492893,96.0468635614927,1.23060717560256,7730.95698223781
1,1.5,0.1,23,"targ0.1-0.2-0.3-0.4_cl_size5_r_size5",120.953318805774,107.200746266059,1.12828802987605,10833.0552360422
1,2.5,0.1,23,"targ0.1-0.2-0.3-0.4_cl_size5_r_size5",126.267027304759,114.629839047257,1.10151971209437,12059.135641639
1,3.5,0.1,23,"targ0.1-0.2-0.3-0.4_cl_size5_r_size5",76.254833995939,67.6239602507869,1.12763040959364,6069.90034897708
1,4.5,0.1,23,"targ0.1-0.2-0.3-0.4_cl_size5_r_size5",95.0832611206852,78.873316146844,1.20551874532145,9231.44351449369
1,1.5,0.2,23,"targ0.1-0.2-0.3-0.4_cl_size5_r_size5",110.710678118655,102.215458713445,1.08311090623802,9577.22180543749
1,2.5,0.2,23,"targ0.1-0.2-0.3-0.4_cl_size5_r_size5",126.02438661764,112.294256309038,1.12226921269077,13714.2947417599
1,3.5,0.2,23,"targ0.1-0.2-0.3-0.4_cl_size5_r_size5",145.195959492893,117.413798166996,1.23661751650674,18050.9097161941
1,4.5,0.2,23,"targ0.1-0.2-0.3-0.4_cl_size5_r_size5",136.639610306789,114.214710085873,1.19633986028644,20088.3915647687
1,1.5,0.3,23,"targ0.1-0.2-0.3-0.4_cl_size5_r_size5",107.053823869162,97.0978887515068,1.1025350318701,5490.98086811857
1,2.5,0.3,23,"targ0.1-0.2-0.3-0.4_cl_size5_r_size5",94.2253967444162,79.7119815335185,1.18207319566877,5939.23821417237
1,3.5,0.3,23,"targ0.1-0.2-0.3-0.4_cl_size5_r_size5",125.568542494924,92.7200086281273,1.35427664808081,10233.267434971
1,4.5,0.3,23,"targ0.1-0.2-0.3-0.4_cl_size5_r_size5",70.9411254969543,62.6498204307083,1.13234363656982,4530.42744497419
1,1.5,0.4,23,"targ0.1-0.2-0.3-0.4_cl_size5_r_size5",129.16652224137,119.670380629461,1.07935248105639,11246.6171024809
1,2.5,0.4,23,"targ0.1-0.2-0.3-0.4_cl_size5_r_size5",101.39696961967,86.3133825081603,1.17475374818133,6996.81107516228
1,3.5,0.4,23,"targ0.1-0.2-0.3-0.4_cl_size5_r_size5",101.468037431535,87.6184911990614,1.15806647709796,5196.11760032931
1,4.5,0.4,23,"targ0.1-0.2-0.3-0.4_cl_size5_r_size5",113.639610306789,98.3869910099908,1.15502678901167,7028.93918637278
1,1.5,0.1,24,"targ0.1-0.2-0.3-0.4_cl_size5_r_size5",113.539105243401,102.576800496019,1.10686924035818,9765.59427820738
1,2.5,0.1,24,"targ0.1-0.2-0.3-0.4_cl_size5_r_size5",115.154328932551,101.59724405711,1.13343949436089,9940.63593974726
1,3.5,0.1,24,"targ0.1-0.2-0.3-0.4_cl_size5_r_size5",NA,NA,NA,NA
1,4.5,0.1,24,"targ0.1-0.2-0.3-0.4_cl_size5_r_size5",150.367532368147,124.458828533777,1.20817087979692,28059.450790573
1,1.5,0.2,24,"targ0.1-0.2-0.3-0.4_cl_size5_r_size5",100.953318805774,95.1314879522022,1.06119772726037,5077.3193816434
1,2.5,0.2,24,"targ0.1-0.2-0.3-0.4_cl_size5_r_size5",128.195959492893,112.485554628139,1.13966597681534,14712.1363419186
1,3.5,0.2,24,"targ0.1-0.2-0.3-0.4_cl_size5_r_size5",128.78174593052,104.35037134577,1.23412829556491,14857.0739373077
1,4.5,0.2,24,"targ0.1-0.2-0.3-0.4_cl_size5_r_size5",126.639610306789,100.124921972504,1.26481606988485,17218.1645761602
1,1.5,0.3,24,"targ0.1-0.2-0.3-0.4_cl_size5_r_size5",88.539105243401,84.3860177991591,1.04921535051134,5723.85882479823
1,2.5,0.3,24,"targ0.1-0.2-0.3-0.4_cl_size5_r_size5",107.468037431535,95.6713123146118,1.12330472773417,9308.7932979669
1,3.5,0.3,24,"targ0.1-0.2-0.3-0.4_cl_size5_r_size5",127.053823869162,93.2952303175248,1.36184693940668,11486.6565597303
1,4.5,0.3,24,"targ0.1-0.2-0.3-0.4_cl_size5_r_size5",111.468037431535,85.4224794770089,1.30490285594598,6591.81915398059
1,1.5,0.4,24,"targ0.1-0.2-0.3-0.4_cl_size5_r_size5",135.267027304759,121.016527796826,1.11775663843089,7518.27632870646
1,2.5,0.4,24,"targ0.1-0.2-0.3-0.4_cl_size5_r_size5",116.882250993909,102.004901843,1.14584935510067,9511.14577658812
1,3.5,0.4,24,"targ0.1-0.2-0.3-0.4_cl_size5_r_size5",112.568542494924,99.4786409235671,1.13158504629566,6330.00797193594
1,4.5,0.4,24,"targ0.1-0.2-0.3-0.4_cl_size5_r_size5",121.78174593052,107.480230740355,1.13306182068695,11109.541960627
1,1.5,0.1,25,"targ0.1-0.2-0.3-0.4_cl_size5_r_size5",94.9827560572969,87.2066511224918,1.08916871402254,4344.21141957061
1,2.5,0.1,25,"targ0.1-0.2-0.3-0.4_cl_size5_r_size5",121.296464556282,102.449987798926,1.1839578233464,13169.5787177885
1,3.5,0.1,25,"targ0.1-0.2-0.3-0.4_cl_size5_r_size5",122.124891681028,106.780147967682,1.1437040873739,17357.9552687696
1,4.5,0.1,25,"targ0.1-0.2-0.3-0.4_cl_size5_r_size5",139.053823869162,107.62899237659,1.29197366619041,24558.5839855548
1,1.5,0.2,25,"targ0.1-0.2-0.3-0.4_cl_size5_r_size5",106.982756057297,96.7729300992793,1.10550291230764,7644.89024640955
1,2.5,0.2,25,"targ0.1-0.2-0.3-0.4_cl_size5_r_size5",134.195959492893,105.152270541344,1.27620600869603,10114.2451843542
1,3.5,0.2,25,"targ0.1-0.2-0.3-0.4_cl_size5_r_size5",127.053823869162,98.9949493661167,1.28343743476523,10816.0613562736
1,4.5,0.2,25,"targ0.1-0.2-0.3-0.4_cl_size5_r_size5",134.852813742386,114.978258814438,1.17285489563747,10378.4844460947
1,1.5,0.3,25,"targ0.1-0.2-0.3-0.4_cl_size5_r_size5",104.78174593052,97.8008179924892,1.07137903425887,5070.65942522608
1,2.5,0.3,25,"targ0.1-0.2-0.3-0.4_cl_size5_r_size5",107.468037431535,91.2195154558497,1.17812550192234,8646.29012986808
1,3.5,0.3,25,"targ0.1-0.2-0.3-0.4_cl_size5_r_size5",116.053823869162,100.603180864225,1.15358006448911,8472.150110981
1,4.5,0.3,25,"targ0.1-0.2-0.3-0.4_cl_size5_r_size5",149.195959492893,107.004672795163,1.3942938714321,14510.953654471
1,1.5,0.4,25,"targ0.1-0.2-0.3-0.4_cl_size5_r_size5",84.8111831820431,78.8162419809521,1.07606225633721,5048.84254277177
1,2.5,0.4,25,"targ0.1-0.2-0.3-0.4_cl_size5_r_size5",93.3259018078045,81.3203541556479,1.14763275168696,5760.15786476658
1,3.5,0.4,25,"targ0.1-0.2-0.3-0.4_cl_size5_r_size5",99.9827560572969,84.7230783199005,1.18011240903899,6320.36775230585
1,4.5,0.4,25,"targ0.1-0.2-0.3-0.4_cl_size5_r_size5",84.1837661840736,68.3520299625402,1.23162057118435,6618.69134937321
1,1.5,0.1,26,"targ0.1-0.2-0.3-0.4_cl_size5_r_size5",114.367532368147,105.394497010043,1.08513760787007,10118.1729491545
1,2.5,0.1,26,"targ0.1-0.2-0.3-0.4_cl_size5_r_size5",128.267027304759,111.865991257397,1.14661324557187,11418.898986255
1,3.5,0.1,26,"targ0.1-0.2-0.3-0.4_cl_size5_r_size5",85.3259018078045,75.4519714785505,1.13086378176428,6319.06785257757
1,4.5,0.1,26,"targ0.1-0.2-0.3-0.4_cl_size5_r_size5",114.740115370178,97.5756117070244,1.17590977256377,14631.1820261235
1,1.5,0.2,26,"targ0.1-0.2-0.3-0.4_cl_size5_r_size5",109.267027304759,102.55242561734,1.0654748207758,9559.97147601651
1,2.5,0.2,26,"targ0.1-0.2-0.3-0.4_cl_size5_r_size5",NA,NA,NA,NA
1,3.5,0.2,26,"targ0.1-0.2-0.3-0.4_cl_size5_r_size5",116.296464556282,101.257098516598,1.14852653552204,9042.60738484121
1,4.5,0.2,26,"targ0.1-0.2-0.3-0.4_cl_size5_r_size5",83.1543289325507,70.327803890069,1.18238199308102,6235.54696579333
1,1.5,0.3,26,"targ0.1-0.2-0.3-0.4_cl_size5_r_size5",65.7401153701776,62.4819974072532,1.05214490730327,3396.88892810671
1,2.5,0.3,26,"targ0.1-0.2-0.3-0.4_cl_size5_r_size5",106.355339059327,93.3005894943864,1.13992140495239,8937.49508013487
1,3.5,0.3,26,"targ0.1-0.2-0.3-0.4_cl_size5_r_size5",122.296464556282,102.200782775867,1.19662943115109,11219.5981039876
1,4.5,0.3,26,"targ0.1-0.2-0.3-0.4_cl_size5_r_size5",120.639610306789,97.6165969494942,1.23585142359764,10677.6149489287
1,1.5,0.4,26,"targ0.1-0.2-0.3-0.4_cl_size5_r_size5",114.752308678997,108.977061806602,1.05299506865623,9330.6241461839
1,2.5,0.4,26,"targ0.1-0.2-0.3-0.4_cl_size5_r_size5",101.982756057297,88.8144132446981,1.14826808320309,5766.47463441196
1,3.5,0.4,26,"targ0.1-0.2-0.3-0.4_cl_size5_r_size5",101.982756057297,75.6042326857432,1.34890273248587,6579.40736374636
1,4.5,0.4,26,"targ0.1-0.2-0.3-0.4_cl_size5_r_size5",114.124891681028,99.6393496566492,1.14537973274911,8177.14004618301
1,1.5,0.1,27,"targ0.1-0.2-0.3-0.4_cl_size5_r_size5",105.095454429505,100.767058109285,1.0429544774,10154.5211875911
1,2.5,0.1,27,"targ0.1-0.2-0.3-0.4_cl_size5_r_size5",86.7401153701776,69.0289794216893,1.2565753701832,6642.10602856284
1,3.5,0.1,27,"targ0.1-0.2-0.3-0.4_cl_size5_r_size5",130.438600180013,109.71326264404,1.18890457759164,14068.0959994353
1,4.5,0.1,27,"targ0.1-0.2-0.3-0.4_cl_size5_r_size5",130.882250993909,109.622078068243,1.19394061214959,20161.520487416
1,1.5,0.2,27,"targ0.1-0.2-0.3-0.4_cl_size5_r_size5",72.3259018078045,65.0538238691624,1.11178555703763,4047.81827254466
1,2.5,0.2,27,"targ0.1-0.2-0.3-0.4_cl_size5_r_size5",119.710678118655,106.230880632705,1.12689151596659,8071.8908568793
1,3.5,0.2,27,"targ0.1-0.2-0.3-0.4_cl_size5_r_size5",118.154328932551,92.7200086281273,1.27431317879222,11687.9812799391
1,4.5,0.2,27,"targ0.1-0.2-0.3-0.4_cl_size5_r_size5",132.882250993909,102.649890404228,1.29451917065501,18971.2720467488
1,1.5,0.3,27,"targ0.1-0.2-0.3-0.4_cl_size5_r_size5",107.267027304759,101.533245786787,1.0564719612137,9201.87461662898
1,2.5,0.3,27,"targ0.1-0.2-0.3-0.4_cl_size5_r_size5",100.740115370178,85.6329375882902,1.1764178388288,4805.66520557302
1,3.5,0.3,27,"targ0.1-0.2-0.3-0.4_cl_size5_r_size5",102.325901807805,84.8528137423857,1.20592231765546,6639.73950521671
1,4.5,0.3,27,"targ0.1-0.2-0.3-0.4_cl_size5_r_size5",116.811183182043,97.9081201943945,1.19306940987241,12072.2209001529
1,1.5,0.4,27,"targ0.1-0.2-0.3-0.4_cl_size5_r_size5",123.823376490863,117.515956363381,1.05367288258267,11520.70072509
1,2.5,0.4,27,"targ0.1-0.2-0.3-0.4_cl_size5_r_size5",121.296464556282,106.526991884686,1.13864535560699,7094.44281065523
1,3.5,0.4,27,"targ0.1-0.2-0.3-0.4_cl_size5_r_size5",107.639610306789,97.1699542039616,1.10774581699248,5743.29491292564
1,4.5,0.4,27,"targ0.1-0.2-0.3-0.4_cl_size5_r_size5",135.568542494924,94.0478601564119,1.44148460442862,10697.5807570384
1,1.5,0.1,28,"targ0.1-0.2-0.3-0.4_cl_size5_r_size5",87.7106781186548,83.4086326467471,1.05157794026102,6471.92561316353
1,2.5,0.1,28,"targ0.1-0.2-0.3-0.4_cl_size5_r_size5",110.325901807805,91.8368117913509,1.20132547783192,8413.26416944343
1,3.5,0.1,28,"targ0.1-0.2-0.3-0.4_cl_size5_r_size5",114.124891681028,97.6524449258696,1.16868442738595,13261.1982521177
1,4.5,0.1,28,"targ0.1-0.2-0.3-0.4_cl_size5_r_size5",150.195959492893,119.553335377981,1.25630923652638,31661.1154144374
1,1.5,0.2,28,"targ0.1-0.2-0.3-0.4_cl_size5_r_size5",97.39696961967,87.9204185613331,1.10778555440709,4661.16015436125
1,2.5,0.2,28,"targ0.1-0.2-0.3-0.4_cl_size5_r_size5",110.39696961967,95.524865872714,1.15568829760801,7599.23142603608
1,3.5,0.2,28,"targ0.1-0.2-0.3-0.4_cl_size5_r_size5",NA,NA,NA,NA
1,4.5,0.2,28,"targ0.1-0.2-0.3-0.4_cl_size5_r_size5",89.7695526217005,64.1950153828161,1.39838820952647,9673.70324552741
1,1.5,0.3,28,"targ0.1-0.2-0.3-0.4_cl_size5_r_size5",94.953318805774,89.2748564826626,1.06360651304115,4175.86524088888
1,2.5,0.3,28,"targ0.1-0.2-0.3-0.4_cl_size5_r_size5",117.124891681028,106.230880632705,1.10255032231154,10883.0975435812
1,3.5,0.3,28,"targ0.1-0.2-0.3-0.4_cl_size5_r_size5",118.669047558312,82.6801064343775,1.43527932747037,7395.69675028912
1,4.5,0.3,28,"targ0.1-0.2-0.3-0.4_cl_size5_r_size5",NA,NA,NA,NA
1,1.5,0.4,28,"targ0.1-0.2-0.3-0.4_cl_size5_r_size5",119.78174593052,107.489534374282,1.11435728722609,6805.80761290119
1,2.5,0.4,28,"targ0.1-0.2-0.3-0.4_cl_size5_r_size5",NA,NA,NA,NA
1,3.5,0.4,28,"targ0.1-0.2-0.3-0.4_cl_size5_r_size5",86.3259018078045,71.6937933157397,1.20409170466996,5650.93376264117
1,4.5,0.4,28,"targ0.1-0.2-0.3-0.4_cl_size5_r_size5",135.39696961967,106.667708328247,1.26933419440319,11816.6604006749
1,1.5,0.1,29,"targ0.1-0.2-0.3-0.4_cl_size5_r_size5",NA,NA,NA,NA
1,2.5,0.1,29,"targ0.1-0.2-0.3-0.4_cl_size5_r_size5",94.9116882454314,82.6801064343775,1.14793863165575,6869.3760250802
1,3.5,0.1,29,"targ0.1-0.2-0.3-0.4_cl_size5_r_size5",117.539105243401,103.855669079738,1.13175434990609,18389.3233264456
1,4.5,0.1,29,"targ0.1-0.2-0.3-0.4_cl_size5_r_size5",NA,NA,NA,NA
1,1.5,0.2,29,"targ0.1-0.2-0.3-0.4_cl_size5_r_size5",99.9827560572969,89.8888202169769,1.11229356238023,4538.85936214786
1,2.5,0.2,29,"targ0.1-0.2-0.3-0.4_cl_size5_r_size5",110.882250993909,92.200867674876,1.20261613355861,9873.42628201074
1,3.5,0.2,29,"targ0.1-0.2-0.3-0.4_cl_size5_r_size5",110.39696961967,94.0478601564119,1.17383818660061,7701.76775544375
1,4.5,0.2,29,"targ0.1-0.2-0.3-0.4_cl_size5_r_size5",NA,NA,NA,NA
1,1.5,0.3,29,"targ0.1-0.2-0.3-0.4_cl_size5_r_size5",117.267027304759,107.615054708902,1.08968979871789,5555.10870352475
1,2.5,0.3,29,"targ0.1-0.2-0.3-0.4_cl_size5_r_size5",128.953318805774,113.27841806805,1.13837499680043,7948.42408741612
1,3.5,0.3,29,"targ0.1-0.2-0.3-0.4_cl_size5_r_size5",129.610173055266,109.622078068243,1.18233639919305,13074.8112564471
1,4.5,0.3,29,"targ0.1-0.2-0.3-0.4_cl_size5_r_size5",118.325901807805,90.785461391128,1.30335738778729,9707.45106573136
1,1.5,0.4,29,"targ0.1-0.2-0.3-0.4_cl_size5_r_size5",133.16652224137,122.380554010839,1.08813465764811,12379.8121174761
1,2.5,0.4,29,"targ0.1-0.2-0.3-0.4_cl_size5_r_size5",113.639610306789,99.6393496566492,1.14050935396893,9806.86340289433
1,3.5,0.4,29,"targ0.1-0.2-0.3-0.4_cl_size5_r_size5",78.5685424949238,72.1803297304744,1.08850351319125,3265.54896296802
1,4.5,0.4,29,"targ0.1-0.2-0.3-0.4_cl_size5_r_size5",128.78174593052,112.449988883948,1.14523573731454,7810.00049273977
1,1.5,0.1,30,"targ0.1-0.2-0.3-0.4_cl_size5_r_size5",93.7817459305202,89.3756118860173,1.04929906438148,4175.64970647278
1,2.5,0.1,30,"targ0.1-0.2-0.3-0.4_cl_size5_r_size5",116.852813742386,103.247275993122,1.13177623930891,14724.1681143985
1,3.5,0.1,30,"targ0.1-0.2-0.3-0.4_cl_size5_r_size5",96.3259018078045,82.0975030070952,1.17331098120584,8721.06494070935
1,4.5,0.1,30,"targ0.1-0.2-0.3-0.4_cl_size5_r_size5",118.39696961967,84.2911620515461,1.40461902218488,18490.4776397642
1,1.5,0.2,30,"targ0.1-0.2-0.3-0.4_cl_size5_r_size5",122.681240867132,112.805141726785,1.08755007962551,7248.6168983786
1,2.5,0.2,30,"targ0.1-0.2-0.3-0.4_cl_size5_r_size5",NA,NA,NA,NA
1,3.5,0.2,30,"targ0.1-0.2-0.3-0.4_cl_size5_r_size5",158.509667991878,113.216606555752,1.40005669498513,17517.5257320966
1,4.5,0.2,30,"targ0.1-0.2-0.3-0.4_cl_size5_r_size5",120.468037431535,96.0208310732624,1.25460315313893,15115.7872138063
1,1.5,0.3,30,"targ0.1-0.2-0.3-0.4_cl_size5_r_size5",NA,NA,NA,NA
1,2.5,0.3,30,"targ0.1-0.2-0.3-0.4_cl_size5_r_size5",NA,NA,NA,NA
1,3.5,0.3,30,"targ0.1-0.2-0.3-0.4_cl_size5_r_size5",130.953318805774,108.07404868885,1.21169994457036,13846.680634722
1,4.5,0.3,30,"targ0.1-0.2-0.3-0.4_cl_size5_r_size5",111.468037431535,93.407708461347,1.19334944907317,11462.0512713211
1,1.5,0.4,30,"targ0.1-0.2-0.3-0.4_cl_size5_r_size5",111.338095116624,106.404887105809,1.04636260744217,9237.63046691009
1,2.5,0.4,30,"targ0.1-0.2-0.3-0.4_cl_size5_r_size5",78.8406204335659,65.4599113962126,1.2044107416578,3247.76233560837
1,3.5,0.4,30,"targ0.1-0.2-0.3-0.4_cl_size5_r_size5",114.953318805774,103.711137299713,1.10839898007841,6359.9321326638
1,4.5,0.4,30,"targ0.1-0.2-0.3-0.4_cl_size5_r_size5",106.639610306789,92.655275079188,1.15092864616342,7938.49112634156
1,1.5,0.1,31,"targ0.1-0.2-0.3-0.4_cl_size5_r_size5",132.480230740355,125.159897730863,1.05848784748318,15058.2704100265
1,2.5,0.1,31,"targ0.1-0.2-0.3-0.4_cl_size5_r_size5",130.710678118655,113.27841806805,1.15388862545849,18130.3423894827
1,3.5,0.1,31,"targ0.1-0.2-0.3-0.4_cl_size5_r_size5",117.78174593052,100.84641788383,1.16793187504388,16811.0490026068
1,4.5,0.1,31,"targ0.1-0.2-0.3-0.4_cl_size5_r_size5",113.39696961967,86.3133825081603,1.31378201530857,15016.1632252665
1,1.5,0.2,31,"targ0.1-0.2-0.3-0.4_cl_size5_r_size5",112.78174593052,104.847508315649,1.07567406934445,9434.66408208533
1,2.5,0.2,31,"targ0.1-0.2-0.3-0.4_cl_size5_r_size5",127.710678118655,105.948100502085,1.20540790739463,12922.3653949586
1,3.5,0.2,31,"targ0.1-0.2-0.3-0.4_cl_size5_r_size5",132.681240867132,105.948100502085,1.25232297925455,17139.6351018443
1,4.5,0.2,31,"targ0.1-0.2-0.3-0.4_cl_size5_r_size5",136.882250993909,103.40696301507,1.32372373196919,16789.6214916958
1,1.5,0.3,31,"targ0.1-0.2-0.3-0.4_cl_size5_r_size5",91.1248916810278,85.7029754442633,1.06326403731794,6210.39963340983
1,2.5,0.3,31,"targ0.1-0.2-0.3-0.4_cl_size5_r_size5",88.7401153701776,80.7774721070176,1.09857504890238,5047.20932337007
1,3.5,0.3,31,"targ0.1-0.2-0.3-0.4_cl_size5_r_size5",131.195959492893,114.551298552221,1.14530311878643,16431.4863470926
1,4.5,0.3,31,"targ0.1-0.2-0.3-0.4_cl_size5_r_size5",131.053823869162,93.2308961664533,1.40569091640158,12232.8214091751
1,1.5,0.4,31,"targ0.1-0.2-0.3-0.4_cl_size5_r_size5",118.16652224137,112.614386292338,1.0493021907043,9811.57938987876
1,2.5,0.4,31,"targ0.1-0.2-0.3-0.4_cl_size5_r_size5",114.124891681028,100.239712689133,1.13851974052395,7679.68043074571
1,3.5,0.4,31,"targ0.1-0.2-0.3-0.4_cl_size5_r_size5",103.124891681028,87.0459648691426,1.18471765849292,5568.5083604914
1,4.5,0.4,31,"targ0.1-0.2-0.3-0.4_cl_size5_r_size5",130.539105243401,105.759160359753,1.23430542375105,9388.88780672413
1,1.5,0.1,32,"targ0.1-0.2-0.3-0.4_cl_size5_r_size5",95.39696961967,88.5889383614004,1.07684967654196,7137.05715987467
1,2.5,0.1,32,"targ0.1-0.2-0.3-0.4_cl_size5_r_size5",101.669047558312,76.0065786626395,1.33763483828916,8682.05784865472
1,3.5,0.1,32,"targ0.1-0.2-0.3-0.4_cl_size5_r_size5",103.154328932551,92.4770241735751,1.11545900026946,15935.6344170086
1,4.5,0.1,32,"targ0.1-0.2-0.3-0.4_cl_size5_r_size5",124.367532368147,109.48059188733,1.13597789548067,25582.8055557962
1,1.5,0.2,32,"targ0.1-0.2-0.3-0.4_cl_size5_r_size5",90.953318805774,85.8020978764505,1.06003607204035,3722.07384183416
1,2.5,0.2,32,"targ0.1-0.2-0.3-0.4_cl_size5_r_size5",131.053823869162,101.59724405711,1.28993483125875,10912.0385683466
1,3.5,0.2,32,"targ0.1-0.2-0.3-0.4_cl_size5_r_size5",117.225396744416,92.655275079188,1.26517779634488,12765.3085228736
1,4.5,0.2,32,"targ0.1-0.2-0.3-0.4_cl_size5_r_size5",NA,NA,NA,NA
1,1.5,0.3,32,"targ0.1-0.2-0.3-0.4_cl_size5_r_size5",NA,NA,NA,NA
1,2.5,0.3,32,"targ0.1-0.2-0.3-0.4_cl_size5_r_size5",120.639610306789,103.812330674155,1.16209326506166,11078.9548076546
1,3.5,0.3,32,"targ0.1-0.2-0.3-0.4_cl_size5_r_size5",130.367532368147,110.634533487515,1.17836202005461,11542.665286832
1,4.5,0.3,32,"targ0.1-0.2-0.3-0.4_cl_size5_r_size5",136.509667991878,123.044707322176,1.10943144945232,11921.1431087467
1,1.5,0.4,32,"targ0.1-0.2-0.3-0.4_cl_size5_r_size5",115.338095116624,107.004672795163,1.07787905054776,8946.204269243
1,2.5,0.4,32,"targ0.1-0.2-0.3-0.4_cl_size5_r_size5",97.39696961967,80.6225774829855,1.2080607276569,5729.89337779738
1,3.5,0.4,32,"targ0.1-0.2-0.3-0.4_cl_size5_r_size5",140.468037431535,111.731821787707,1.25718918016416,10199.8483220427
1,4.5,0.4,32,"targ0.1-0.2-0.3-0.4_cl_size5_r_size5",75.2253967444162,71.7007670809734,1.04915748892145,2975.45161717341
1,1.5,0.1,33,"targ0.1-0.2-0.3-0.4_cl_size5_r_size5",98.539105243401,92.9139386744529,1.06054168673935,8349.8699213251
1,2.5,0.1,33,"targ0.1-0.2-0.3-0.4_cl_size5_r_size5",108.710678118655,97.948966303887,1.10987060120042,7661.21338805792
1,3.5,0.1,33,"targ0.1-0.2-0.3-0.4_cl_size5_r_size5",114.39696961967,92.9569792968769,1.23064422365017,13899.9570796328
1,4.5,0.1,33,"targ0.1-0.2-0.3-0.4_cl_size5_r_size5",NA,NA,NA,NA
1,1.5,0.2,33,"targ0.1-0.2-0.3-0.4_cl_size5_r_size5",113.438600180013,106.254411673116,1.06761308442419,9703.72396055675
1,2.5,0.2,33,"targ0.1-0.2-0.3-0.4_cl_size5_r_size5",97.9116882454314,83.5284382710463,1.17219584457825,9524.5030813186
1,3.5,0.2,33,"targ0.1-0.2-0.3-0.4_cl_size5_r_size5",74.6690475583121,62.6258732474047,1.19230349512781,4208.08856957004
1,4.5,0.2,33,"targ0.1-0.2-0.3-0.4_cl_size5_r_size5",82.5979797464467,62.9364759102383,1.31240236368255,6449.50915477906
1,1.5,0.3,33,"targ0.1-0.2-0.3-0.4_cl_size5_r_size5",112.124891681028,102.576800496019,1.09308236500689,5669.49296861382
1,2.5,0.3,33,"targ0.1-0.2-0.3-0.4_cl_size5_r_size5",117.39696961967,91.1811384004389,1.28751375206679,7351.43537093936
1,3.5,0.3,33,"targ0.1-0.2-0.3-0.4_cl_size5_r_size5",114.39696961967,96.2133046932699,1.18899324770488,9825.96243988843
1,4.5,0.3,33,"targ0.1-0.2-0.3-0.4_cl_size5_r_size5",110.639610306789,83.86298349093,1.31929017668153,8738.21249935801
1,1.5,0.4,33,"targ0.1-0.2-0.3-0.4_cl_size5_r_size5",100.852813742386,96.6747123088556,1.04321814188784,3834.64966442063
1,2.5,0.4,33,"targ0.1-0.2-0.3-0.4_cl_size5_r_size5",106.811183182043,89.6437393240599,1.19150744923662,6338.01753294066
1,3.5,0.4,33,"targ0.1-0.2-0.3-0.4_cl_size5_r_size5",113.053823869162,99.2975326984513,1.13853608238672,9992.28603714715
1,4.5,0.4,33,"targ0.1-0.2-0.3-0.4_cl_size5_r_size5",93.6690475583121,73.7360156233031,1.27032965866831,5486.70827424741
1,1.5,0.1,34,"targ0.1-0.2-0.3-0.4_cl_size5_r_size5",116.651803615609,113.357840487546,1.02905809703057,12354.0139259747
1,2.5,0.1,34,"targ0.1-0.2-0.3-0.4_cl_size5_r_size5",115.852813742386,106.831643252362,1.08444286931647,14575.2423803464
1,3.5,0.1,34,"targ0.1-0.2-0.3-0.4_cl_size5_r_size5",126.852813742386,115.108644332213,1.10202682412172,21656.3474119445
1,4.5,0.1,34,"targ0.1-0.2-0.3-0.4_cl_size5_r_size5",146.296464556282,107.335921293852,1.36297767599877,27667.4520523704
1,1.5,0.2,34,"targ0.1-0.2-0.3-0.4_cl_size5_r_size5",82.0538238691624,77.1038261048049,1.06419911973796,3310.26800514529
1,2.5,0.2,34,"targ0.1-0.2-0.3-0.4_cl_size5_r_size5",144.78174593052,121.016527796826,1.19637993723959,11441.7154270001
1,3.5,0.2,34,"targ0.1-0.2-0.3-0.4_cl_size5_r_size5",118.982756057297,89.8053450525079,1.32489615164587,12303.6702921584
1,4.5,0.2,34,"targ0.1-0.2-0.3-0.4_cl_size5_r_size5",123.539105243401,95.8540557305741,1.28882501947173,15407.2763939843
1,1.5,0.3,34,"targ0.1-0.2-0.3-0.4_cl_size5_r_size5",131.137084989848,125.865007051205,1.04188676473436,7528.15486223701
1,2.5,0.3,34,"targ0.1-0.2-0.3-0.4_cl_size5_r_size5",101.497474683058,84.8528137423857,1.19615921036167,5374.9481363358
1,3.5,0.3,34,"targ0.1-0.2-0.3-0.4_cl_size5_r_size5",143.338095116624,120.341181646185,1.19109762058057,10822.6484830078
1,4.5,0.3,34,"targ0.1-0.2-0.3-0.4_cl_size5_r_size5",123.639610306789,94.2019108086455,1.31249577896505,8817.99512023812
1,1.5,0.4,34,"targ0.1-0.2-0.3-0.4_cl_size5_r_size5",103.367532368147,95.6713123146118,1.08044438680037,4839.91530524255
1,2.5,0.4,34,"targ0.1-0.2-0.3-0.4_cl_size5_r_size5",127.953318805774,111.126054550677,1.1514250130011,10688.3031860845
1,3.5,0.4,34,"targ0.1-0.2-0.3-0.4_cl_size5_r_size5",134.681240867132,119.670380629461,1.12543505050051,7733.1318526399
1,4.5,0.4,34,"targ0.1-0.2-0.3-0.4_cl_size5_r_size5",85.9116882454314,64.6606526413088,1.3286548269472,3918.52182915029
1,1.5,0.1,35,"targ0.1-0.2-0.3-0.4_cl_size5_r_size5",101.367532368147,94.3663075467086,1.07419199715929,8016.97320912007
1,2.5,0.1,35,"targ0.1-0.2-0.3-0.4_cl_size5_r_size5",133.710678118655,115.745410276175,1.15521365209743,18390.1591529071
1,3.5,0.1,35,"targ0.1-0.2-0.3-0.4_cl_size5_r_size5",86.39696961967,78.5175139698144,1.10035284169701,5939.20901368485
1,4.5,0.1,35,"targ0.1-0.2-0.3-0.4_cl_size5_r_size5",94.7401153701776,81.3203541556479,1.16502339855584,12220.8576418414
1,1.5,0.2,35,"targ0.1-0.2-0.3-0.4_cl_size5_r_size5",94.2253967444162,84.9588135510378,1.10907147600186,7049.31365263577
1,2.5,0.2,35,"targ0.1-0.2-0.3-0.4_cl_size5_r_size5",NA,NA,NA,NA
1,3.5,0.2,35,"targ0.1-0.2-0.3-0.4_cl_size5_r_size5",129.639610306789,95.0157881617576,1.36440072555192,10042.7327379989
1,4.5,0.2,35,"targ0.1-0.2-0.3-0.4_cl_size5_r_size5",105.568542494924,87.2066511224918,1.21055608873961,13318.0431872758
1,1.5,0.3,35,"targ0.1-0.2-0.3-0.4_cl_size5_r_size5",99.39696961967,92.1303424502482,1.0788733328908,7161.79140882062
1,2.5,0.3,35,"targ0.1-0.2-0.3-0.4_cl_size5_r_size5",NA,NA,NA,NA
1,3.5,0.3,35,"targ0.1-0.2-0.3-0.4_cl_size5_r_size5",108.154328932551,91.2414379544733,1.18536414328012,6553.49200787993
1,4.5,0.3,35,"targ0.1-0.2-0.3-0.4_cl_size5_r_size5",100.01219330882,87.6641317757725,1.14085648580461,7827.0399154119
1,1.5,0.4,35,"targ0.1-0.2-0.3-0.4_cl_size5_r_size5",114.610173055266,103.227903204512,1.1102634994746,5651.36545009299
1,2.5,0.4,35,"targ0.1-0.2-0.3-0.4_cl_size5_r_size5",91.0832611206852,79.2022726946645,1.15000817554597,4408.81260755754
1,3.5,0.4,35,"targ0.1-0.2-0.3-0.4_cl_size5_r_size5",127.468037431535,106.230880632705,1.19991509693173,6820.31943228743
1,4.5,0.4,35,"targ0.1-0.2-0.3-0.4_cl_size5_r_size5",73.4264068711929,64.6606526413088,1.13556550810754,2533.1400806524
1,1.5,0.1,36,"targ0.1-0.2-0.3-0.4_cl_size5_r_size5",105.610173055266,99.2018144995342,1.0645992070615,8938.43087915991
1,2.5,0.1,36,"targ0.1-0.2-0.3-0.4_cl_size5_r_size5",76.4974746830583,68.5930025585701,1.11523729578303,3876.07075468496
1,3.5,0.1,36,"targ0.1-0.2-0.3-0.4_cl_size5_r_size5",90.7106781186548,82.0731381147328,1.10524198540876,14287.6480896139
1,4.5,0.1,36,"targ0.1-0.2-0.3-0.4_cl_size5_r_size5",114.154328932551,94.3663075467086,1.20969371272737,20247.5142422837
1,1.5,0.2,36,"targ0.1-0.2-0.3-0.4_cl_size5_r_size5",107.438600180013,100.767058109285,1.06620757017132,5775.0975265011
1,2.5,0.2,36,"targ0.1-0.2-0.3-0.4_cl_size5_r_size5",94.7106781186548,84.8645980371085,1.11602105364643,8019.78696434604
1,3.5,0.2,36,"targ0.1-0.2-0.3-0.4_cl_size5_r_size5",136.02438661764,114.86513831446,1.18420948787136,12340.0407073638
1,4.5,0.2,36,"targ0.1-0.2-0.3-0.4_cl_size5_r_size5",110.811183182043,87.4642784226795,1.26693074224585,12234.8445505096
1,1.5,0.3,36,"targ0.1-0.2-0.3-0.4_cl_size5_r_size5",99.7817459305202,94.4033897696476,1.05697206608784,7084.10810925529
1,2.5,0.3,36,"targ0.1-0.2-0.3-0.4_cl_size5_r_size5",121.468037431535,102.591422643416,1.18399798249928,6982.46311134549
1,3.5,0.3,36,"targ0.1-0.2-0.3-0.4_cl_size5_r_size5",NA,NA,NA,NA
1,4.5,0.3,36,"targ0.1-0.2-0.3-0.4_cl_size5_r_size5",113.882250993909,96.8297474952816,1.1761081066483,9218.04444375594
1,1.5,0.4,36,"targ0.1-0.2-0.3-0.4_cl_size5_r_size5",115.923881554251,110.208892563168,1.05185596967874,9683.29897966966
1,2.5,0.4,36,"targ0.1-0.2-0.3-0.4_cl_size5_r_size5",101.325901807805,88.1192374002408,1.149872658879,7176.75692679172
1,3.5,0.4,36,"targ0.1-0.2-0.3-0.4_cl_size5_r_size5",105.154328932551,91.4002188181188,1.15048224492549,7343.94290449496
1,4.5,0.4,36,"targ0.1-0.2-0.3-0.4_cl_size5_r_size5",127.124891681028,112.004464196745,1.13499843593486,9080.76420415398
1,1.5,0.1,37,"targ0.1-0.2-0.3-0.4_cl_size5_r_size5",101.539105243401,94.8683298050514,1.07031614714898,8320.55189748579
1,2.5,0.1,37,"targ0.1-0.2-0.3-0.4_cl_size5_r_size5",81.9116882454314,71.4212853426764,1.14688062322629,4928.95507208153
1,3.5,0.1,37,"targ0.1-0.2-0.3-0.4_cl_size5_r_size5",93.3259018078045,79.4040301244213,1.17532953505721,8784.63347494445
1,4.5,0.1,37,"targ0.1-0.2-0.3-0.4_cl_size5_r_size5",122.438600180013,109.87720418722,1.11432212974212,14530.1216485715
1,1.5,0.2,37,"targ0.1-0.2-0.3-0.4_cl_size5_r_size5",113.852813742386,107.335921293852,1.06071492534817,6040.40321345658
1,2.5,0.2,37,"targ0.1-0.2-0.3-0.4_cl_size5_r_size5",115.154328932551,96.3846460801719,1.1947372700499,9854.56322196794
1,3.5,0.2,37,"targ0.1-0.2-0.3-0.4_cl_size5_r_size5",121.296464556282,89.4427190999916,1.3561357008912,12131.7546582924
1,4.5,0.2,37,"targ0.1-0.2-0.3-0.4_cl_size5_r_size5",106.740115370178,89.4706655837543,1.19301800957608,10884.105496995
1,1.5,0.3,37,"targ0.1-0.2-0.3-0.4_cl_size5_r_size5",130.137084989848,125.159897730863,1.03976662932154,7200.15479044952
1,2.5,0.3,37,"targ0.1-0.2-0.3-0.4_cl_size5_r_size5",NA,NA,NA,NA
1,3.5,0.3,37,"targ0.1-0.2-0.3-0.4_cl_size5_r_size5",79.4264068711929,64.3816744112795,1.23368035388153,4412.56568077263
1,4.5,0.3,37,"targ0.1-0.2-0.3-0.4_cl_size5_r_size5",125.639610306789,105.688220724923,1.18877590563091,9534.50123156809
1,1.5,0.4,37,"targ0.1-0.2-0.3-0.4_cl_size5_r_size5",NA,NA,NA,NA
1,2.5,0.4,37,"targ0.1-0.2-0.3-0.4_cl_size5_r_size5",137.610173055266,112.609946274741,1.22200727029503,8046.10945046879
1,3.5,0.4,37,"targ0.1-0.2-0.3-0.4_cl_size5_r_size5",93.3259018078045,77.2334124585985,1.20836175480182,4426.00466608677
1,4.5,0.4,37,"targ0.1-0.2-0.3-0.4_cl_size5_r_size5",84.4974746830583,73.7902432574931,1.14510362011143,3777.50277564559
1,1.5,0.1,38,"targ0.1-0.2-0.3-0.4_cl_size5_r_size5",109.539105243401,101.548018198289,1.07869269323906,6950.54898965439
1,2.5,0.1,38,"targ0.1-0.2-0.3-0.4_cl_size5_r_size5",120.710678118655,104.623133197205,1.15376661384368,10455.318348606
1,3.5,0.1,38,"targ0.1-0.2-0.3-0.4_cl_size5_r_size5",105.882250993909,91.9673855233473,1.15130217512847,14320.7074241764
1,4.5,0.1,38,"targ0.1-0.2-0.3-0.4_cl_size5_r_size5",93.4264068711929,75,1.24568542494924,12034.9747100422
1,1.5,0.2,38,"targ0.1-0.2-0.3-0.4_cl_size5_r_size5",116.02438661764,106.018866245589,1.09437490445213,10020.5664043566
1,2.5,0.2,38,"targ0.1-0.2-0.3-0.4_cl_size5_r_size5",131.953318805774,112.609946274741,1.17177321516378,9604.15100411397
1,3.5,0.2,38,"targ0.1-0.2-0.3-0.4_cl_size5_r_size5",NA,NA,NA,NA
1,4.5,0.2,38,"targ0.1-0.2-0.3-0.4_cl_size5_r_size5",151.882250993909,117.592516768713,1.29159792789059,16942.835698964
1,1.5,0.3,38,"targ0.1-0.2-0.3-0.4_cl_size5_r_size5",126.852813742386,115.108644332213,1.10202682412172,11058.5618228923
1,2.5,0.3,38,"targ0.1-0.2-0.3-0.4_cl_size5_r_size5",94.4974746830583,78.4920378127616,1.20391159812256,4389.94096802247
1,3.5,0.3,38,"targ0.1-0.2-0.3-0.4_cl_size5_r_size5",92.5979797464467,70.0071424927486,1.3226933202714,6208.59798859327
1,4.5,0.3,38,"targ0.1-0.2-0.3-0.4_cl_size5_r_size5",123.154328932551,95.1314879522022,1.29456956454238,10291.498637031
1,1.5,0.4,38,"targ0.1-0.2-0.3-0.4_cl_size5_r_size5",110.923881554251,105.645634079218,1.04996181357647,5076.99428075827
1,2.5,0.4,38,"targ0.1-0.2-0.3-0.4_cl_size5_r_size5",115.811183182043,97.6165969494942,1.18638824545341,9325.77971471868
1,3.5,0.4,38,"targ0.1-0.2-0.3-0.4_cl_size5_r_size5",111.124891681028,93.407708461347,1.18967581489286,7304.80845136957
1,4.5,0.4,38,"targ0.1-0.2-0.3-0.4_cl_size5_r_size5",77.3553390593274,59.6657355607052,1.29647842823666,4000.20649451683
1,1.5,0.1,39,"targ0.1-0.2-0.3-0.4_cl_size5_r_size5",81.7106781186548,78.873316146844,1.03597366144119,3015.47246406061
1,2.5,0.1,39,"targ0.1-0.2-0.3-0.4_cl_size5_r_size5",106.053823869162,95.1892851112981,1.11413615245835,7899.16365633706
1,3.5,0.1,39,"targ0.1-0.2-0.3-0.4_cl_size5_r_size5",107.526911934581,90.1387818865997,1.1929039829921,12870.9346628192
1,4.5,0.1,39,"targ0.1-0.2-0.3-0.4_cl_size5_r_size5",123.710678118655,108.300507847378,1.14229084034392,16102.7660298324
1,1.5,0.2,39,"targ0.1-0.2-0.3-0.4_cl_size5_r_size5",110.195959492893,102.200782775867,1.07823009276318,9373.89141242812
1,2.5,0.2,39,"targ0.1-0.2-0.3-0.4_cl_size5_r_size5",121.982756057297,102.342562016006,1.19190641366023,8628.64842312138
1,3.5,0.2,39,"targ0.1-0.2-0.3-0.4_cl_size5_r_size5",117.639610306789,96.0208310732624,1.22514676234193,13021.6446874812
1,4.5,0.2,39,"targ0.1-0.2-0.3-0.4_cl_size5_r_size5",121.852813742386,103.773792452623,1.17421567490672,15676.3867166769
1,1.5,0.3,39,"targ0.1-0.2-0.3-0.4_cl_size5_r_size5",97.539105243401,91.6078599247903,1.06474603078251,6948.45234562936
1,2.5,0.3,39,"targ0.1-0.2-0.3-0.4_cl_size5_r_size5",90.39696961967,75.9275970909129,1.19056802905842,4700.90119693558
1,3.5,0.3,39,"targ0.1-0.2-0.3-0.4_cl_size5_r_size5",NA,NA,NA,NA
1,4.5,0.3,39,"targ0.1-0.2-0.3-0.4_cl_size5_r_size5",101.568542494924,81.4923309275173,1.24635706622827,7782.57828066749
1,1.5,0.4,39,"targ0.1-0.2-0.3-0.4_cl_size5_r_size5",106.124891681028,97.2008230417829,1.09181062834631,4422.2459915603
1,2.5,0.4,39,"targ0.1-0.2-0.3-0.4_cl_size5_r_size5",119.02438661764,108.853112036358,1.09344036556239,5868.31631148583
1,3.5,0.4,39,"targ0.1-0.2-0.3-0.4_cl_size5_r_size5",93.7401153701776,78.2432105680742,1.19806069676321,6093.7904516741
1,4.5,0.4,39,"targ0.1-0.2-0.3-0.4_cl_size5_r_size5",116.639610306789,100.124921972504,1.16494083599706,10174.8618035293
1,1.5,0.1,40,"targ0.1-0.2-0.3-0.4_cl_size5_r_size5",128.551298552221,124.458828533777,1.03288211906425,14813.6967215333
1,2.5,0.1,40,"targ0.1-0.2-0.3-0.4_cl_size5_r_size5",128.367532368147,106.667708328247,1.20343386372494,16362.2438684406
1,3.5,0.1,40,"targ0.1-0.2-0.3-0.4_cl_size5_r_size5",110.911688245431,86.8331733843696,1.27729626734333,14611.0024920345
1,4.5,0.1,40,"targ0.1-0.2-0.3-0.4_cl_size5_r_size5",114.78174593052,97.3498844375277,1.17906401834693,13896.916386302
1,1.5,0.2,40,"targ0.1-0.2-0.3-0.4_cl_size5_r_size5",114.195959492893,105.683489722851,1.08054682706225,5832.92638690173
1,2.5,0.2,40,"targ0.1-0.2-0.3-0.4_cl_size5_r_size5",110.438600180013,101.118742080783,1.09216746477902,8023.83075946377
1,3.5,0.2,40,"targ0.1-0.2-0.3-0.4_cl_size5_r_size5",123.296464556282,92.4553946506098,1.33357782985212,10897.8946118472
1,4.5,0.2,40,"targ0.1-0.2-0.3-0.4_cl_size5_r_size5",132.639610306789,106.230880632705,1.24859748424183,20669.7990924857
1,1.5,0.3,40,"targ0.1-0.2-0.3-0.4_cl_size5_r_size5",NA,NA,NA,NA
1,2.5,0.3,40,"targ0.1-0.2-0.3-0.4_cl_size5_r_size5",122.124891681028,102.068604379603,1.19649810461631,9400.09441613935
1,3.5,0.3,40,"targ0.1-0.2-0.3-0.4_cl_size5_r_size5",121.296464556282,97.948966303887,1.23836390656701,11526.6768275142
1,4.5,0.3,40,"targ0.1-0.2-0.3-0.4_cl_size5_r_size5",86.8406204335659,67.4759216313494,1.28698679964706,5891.07763365239
1,1.5,0.4,40,"targ0.1-0.2-0.3-0.4_cl_size5_r_size5",89.3259018078045,81.8840643837371,1.09088260921188,5154.13054379937
1,2.5,0.4,40,"targ0.1-0.2-0.3-0.4_cl_size5_r_size5",119.497474683058,99.1564420499243,1.20514080792544,8698.71600273188
1,3.5,0.4,40,"targ0.1-0.2-0.3-0.4_cl_size5_r_size5",125.296464556282,104.019228991567,1.20455098322676,11405.8197382447
1,4.5,0.4,40,"targ0.1-0.2-0.3-0.4_cl_size5_r_size5",137.16652224137,116.726175299288,1.17511365286898,9046.82477285214
1,1.5,0.1,41,"targ0.1-0.2-0.3-0.4_cl_size5_r_size5",115.124891681028,103.077640640442,1.11687550244393,7143.0196687934
1,2.5,0.1,41,"targ0.1-0.2-0.3-0.4_cl_size5_r_size5",121.225396744416,105.209315176937,1.15223064175016,14334.0137272135
1,3.5,0.1,41,"targ0.1-0.2-0.3-0.4_cl_size5_r_size5",110.710678118655,99.8098191562333,1.10921629810147,15316.1501719779
1,4.5,0.1,41,"targ0.1-0.2-0.3-0.4_cl_size5_r_size5",100.183766184074,86.9252552484029,1.15252771933522,13874.3195327119
1,1.5,0.2,41,"targ0.1-0.2-0.3-0.4_cl_size5_r_size5",120.02438661764,110.208892563168,1.08906263211787,11259.8901930972
1,2.5,0.2,41,"targ0.1-0.2-0.3-0.4_cl_size5_r_size5",134.710678118655,113.27841806805,1.18919985303581,14857.3853799452
1,3.5,0.2,41,"targ0.1-0.2-0.3-0.4_cl_size5_r_size5",119.882250993909,102.342562016006,1.17138215647914,13504.9375841213
1,4.5,0.2,41,"targ0.1-0.2-0.3-0.4_cl_size5_r_size5",141.710678118655,105.361283211624,1.34499764808313,17221.1216683653
1,1.5,0.3,41,"targ0.1-0.2-0.3-0.4_cl_size5_r_size5",114.509667991878,107.935165724615,1.06091158727673,9856.57343064096
1,2.5,0.3,41,"targ0.1-0.2-0.3-0.4_cl_size5_r_size5",106.325901807805,85.146931829632,1.24873438799356,6326.41766186145
1,3.5,0.3,41,"targ0.1-0.2-0.3-0.4_cl_size5_r_size5",132.267027304759,118.928549978548,1.11215538513348,9087.93383131091
1,4.5,0.3,41,"targ0.1-0.2-0.3-0.4_cl_size5_r_size5",88.4974746830583,69.4046107978425,1.27509503570056,5919.79249305388
1,1.5,0.4,41,"targ0.1-0.2-0.3-0.4_cl_size5_r_size5",106.468037431535,98.8837701546619,1.07669880775188,5032.45840894091
1,2.5,0.4,41,"targ0.1-0.2-0.3-0.4_cl_size5_r_size5",122.953318805774,108.93117092917,1.12872484300864,10010.5159943245
1,3.5,0.4,41,"targ0.1-0.2-0.3-0.4_cl_size5_r_size5",123.882250993909,104.307238483242,1.18766686564913,7229.79272802239
1,4.5,0.4,41,"targ0.1-0.2-0.3-0.4_cl_size5_r_size5",120.882250993909,97.6370831190691,1.23807724618823,6524.00449571335
1,1.5,0.1,42,"targ0.1-0.2-0.3-0.4_cl_size5_r_size5",86.7106781186548,82.0731381147328,1.0565049675259,6336.06052816643
1,2.5,0.1,42,"targ0.1-0.2-0.3-0.4_cl_size5_r_size5",107.953318805774,97.8008179924892,1.1038079335294,12050.1577743422
1,3.5,0.1,42,"targ0.1-0.2-0.3-0.4_cl_size5_r_size5",125.39696961967,104.623133197205,1.19855872967701,14643.0251731624
1,4.5,0.1,42,"targ0.1-0.2-0.3-0.4_cl_size5_r_size5",125.325901807805,103.464969917359,1.21128824478378,24324.9792339472
1,1.5,0.2,42,"targ0.1-0.2-0.3-0.4_cl_size5_r_size5",123.16652224137,115.745410276175,1.06411582064022,7066.33412745363
1,2.5,0.2,42,"targ0.1-0.2-0.3-0.4_cl_size5_r_size5",147.438600180013,125.865007051205,1.17140262916785,12833.514600741
1,3.5,0.2,42,"targ0.1-0.2-0.3-0.4_cl_size5_r_size5",NA,NA,NA,NA
1,4.5,0.2,42,"targ0.1-0.2-0.3-0.4_cl_size5_r_size5",95.1543289325507,72.4982758415674,1.31250471584309,8699.06346067119
1,1.5,0.3,42,"targ0.1-0.2-0.3-0.4_cl_size5_r_size5",113.752308678997,108.853112036358,1.04500740999488,5196.15777261931
1,2.5,0.3,42,"targ0.1-0.2-0.3-0.4_cl_size5_r_size5",83.7401153701776,74.2024258363566,1.1285360879556,5741.22180052328
1,3.5,0.3,42,"targ0.1-0.2-0.3-0.4_cl_size5_r_size5",108.882250993909,91.438503924769,1.19077025892168,8426.82880659022
1,4.5,0.3,42,"targ0.1-0.2-0.3-0.4_cl_size5_r_size5",139.124891681028,112.538882169675,1.23623843598579,14444.1945727713
1,1.5,0.4,42,"targ0.1-0.2-0.3-0.4_cl_size5_r_size5",98.6101730552664,93.3488082409197,1.05636242083314,4262.70610642031
1,2.5,0.4,42,"targ0.1-0.2-0.3-0.4_cl_size5_r_size5",124.852813742386,113.454836829463,1.10046267952468,6497.5229124748
1,3.5,0.4,42,"targ0.1-0.2-0.3-0.4_cl_size5_r_size5",138.053823869162,112.432201792903,1.2278850869029,12377.3027817354
1,4.5,0.4,42,"targ0.1-0.2-0.3-0.4_cl_size5_r_size5",94.539105243401,81.344944526381,1.16220013172104,4816.38647098624
1,1.5,0.1,43,"targ0.1-0.2-0.3-0.4_cl_size5_r_size5",125.40916292849,118.105884696742,1.06183670060557,7854.27653535968
1,2.5,0.1,43,"targ0.1-0.2-0.3-0.4_cl_size5_r_size5",96.1543289325507,84.6463230152379,1.13595399666966,6745.47875841958
1,3.5,0.1,43,"targ0.1-0.2-0.3-0.4_cl_size5_r_size5",107.882250993909,94.0212741883453,1.14742383492694,15137.0749930052
1,4.5,0.1,43,"targ0.1-0.2-0.3-0.4_cl_size5_r_size5",128.752308678997,117.388244726634,1.09680751236061,27216.3507143465
1,1.5,0.2,43,"targ0.1-0.2-0.3-0.4_cl_size5_r_size5",113.124891681028,102.902866821095,1.09933663828535,5925.13800951806
1,2.5,0.2,43,"targ0.1-0.2-0.3-0.4_cl_size5_r_size5",89.0832611206852,77.3369252039412,1.151885220233,6166.1478979117
1,3.5,0.2,43,"targ0.1-0.2-0.3-0.4_cl_size5_r_size5",85.7401153701776,68.8767014308903,1.24483480754676,7355.66145909618
1,4.5,0.2,43,"targ0.1-0.2-0.3-0.4_cl_size5_r_size5",123.124891681028,95.524865872714,1.28893027544358,16143.3605013827
1,1.5,0.3,43,"targ0.1-0.2-0.3-0.4_cl_size5_r_size5",105.882250993909,98.1121806912883,1.07919577618063,5333.43547188433
1,2.5,0.3,43,"targ0.1-0.2-0.3-0.4_cl_size5_r_size5",95.8406204335659,77.7946013551069,1.23197006944074,5029.72018423719
1,3.5,0.3,43,"targ0.1-0.2-0.3-0.4_cl_size5_r_size5",132.953318805774,107.712580509428,1.23433417133792,9489.53969579975
1,4.5,0.3,43,"targ0.1-0.2-0.3-0.4_cl_size5_r_size5",90.8406204335659,60.2079728939615,1.50878058282339,6067.96274418759
1,1.5,0.4,43,"targ0.1-0.2-0.3-0.4_cl_size5_r_size5",112.852813742386,106.018866245589,1.0644597300349,8812.35951548876
1,2.5,0.4,43,"targ0.1-0.2-0.3-0.4_cl_size5_r_size5",78.9827560572969,68.6804193347711,1.15000398690504,4680.63893642032
1,3.5,0.4,43,"targ0.1-0.2-0.3-0.4_cl_size5_r_size5",102.083261120685,83.868945385047,1.21717592431877,7985.01973338604
1,4.5,0.4,43,"targ0.1-0.2-0.3-0.4_cl_size5_r_size5",112.740115370178,82.8070045346407,1.36148042069334,6373.56669566426
1,1.5,0.1,44,"targ0.1-0.2-0.3-0.4_cl_size5_r_size5",92.4386001800126,90.0277734924062,1.02677869944001,3685.36743445279
1,2.5,0.1,44,"targ0.1-0.2-0.3-0.4_cl_size5_r_size5",117.953318805774,105.418214744891,1.11890833184016,14534.1910048791
1,3.5,0.1,44,"targ0.1-0.2-0.3-0.4_cl_size5_r_size5",77.9116882454314,70.2922470831599,1.10839660813884,5959.96357877116
1,4.5,0.1,44,"targ0.1-0.2-0.3-0.4_cl_size5_r_size5",129.710678118655,110.258786497948,1.1764203311005,14410.2187939166
1,1.5,0.2,44,"targ0.1-0.2-0.3-0.4_cl_size5_r_size5",NA,NA,NA,NA
1,2.5,0.2,44,"targ0.1-0.2-0.3-0.4_cl_size5_r_size5",122.710678118655,108.07404868885,1.13543148986621,11685.9344644853
1,3.5,0.2,44,"targ0.1-0.2-0.3-0.4_cl_size5_r_size5",122.39696961967,98.4123975929862,1.24371494459346,10756.5916367146
1,4.5,0.2,44,"targ0.1-0.2-0.3-0.4_cl_size5_r_size5",86.5979797464467,68.6804193347711,1.26088309572397,7350.89841840546
1,1.5,0.3,44,"targ0.1-0.2-0.3-0.4_cl_size5_r_size5",127.066017177982,120.966937631735,1.05041939281637,7467.31474686684
1,2.5,0.3,44,"targ0.1-0.2-0.3-0.4_cl_size5_r_size5",105.053823869162,93.4344690143846,1.12435833346459,7711.34508729272
1,3.5,0.3,44,"targ0.1-0.2-0.3-0.4_cl_size5_r_size5",100.568542494924,85.146931829632,1.18111763200286,7724.60816820777
1,4.5,0.3,44,"targ0.1-0.2-0.3-0.4_cl_size5_r_size5",146.468037431535,110.317722964173,1.32769271787003,13337.8420561836
1,1.5,0.4,44,"targ0.1-0.2-0.3-0.4_cl_size5_r_size5",113.338095116624,107.480230740355,1.05450178452278,9342.26311401069
1,2.5,0.4,44,"targ0.1-0.2-0.3-0.4_cl_size5_r_size5",76.254833995939,60.1082357085949,1.26862539046434,3452.73810282109
1,3.5,0.4,44,"targ0.1-0.2-0.3-0.4_cl_size5_r_size5",130.610173055266,107.489534374282,1.21509664932102,11551.1037143859
1,4.5,0.4,44,"targ0.1-0.2-0.3-0.4_cl_size5_r_size5",145.539105243401,114.769333883229,1.26810098411374,10327.0209225306
1,1.5,0.1,45,"targ0.1-0.2-0.3-0.4_cl_size5_r_size5",NA,NA,NA,NA
1,2.5,0.1,45,"targ0.1-0.2-0.3-0.4_cl_size5_r_size5",91.9116882454314,84.5281018360166,1.08735067094892,6081.12210633603
1,3.5,0.1,45,"targ0.1-0.2-0.3-0.4_cl_size5_r_size5",125.597979746447,97.6524449258696,1.28617342701241,18589.5322072856
1,4.5,0.1,45,"targ0.1-0.2-0.3-0.4_cl_size5_r_size5",140.02438661764,123.069086288962,1.13777058756142,29611.5701815487
1,1.5,0.2,45,"targ0.1-0.2-0.3-0.4_cl_size5_r_size5",NA,NA,NA,NA
1,2.5,0.2,45,"targ0.1-0.2-0.3-0.4_cl_size5_r_size5",NA,NA,NA,NA
1,3.5,0.2,45,"targ0.1-0.2-0.3-0.4_cl_size5_r_size5",103.740115370178,88.0227243386615,1.17856060636165,10935.4229480938
1,4.5,0.2,45,"targ0.1-0.2-0.3-0.4_cl_size5_r_size5",129.195959492893,113.145923479372,1.14185253449672,13335.245454363
1,1.5,0.3,45,"targ0.1-0.2-0.3-0.4_cl_size5_r_size5",106.852813742386,101.21264743104,1.05572590436574,5348.90731088351
1,2.5,0.3,45,"targ0.1-0.2-0.3-0.4_cl_size5_r_size5",121.681240867132,104.403065089105,1.16549490920865,7074.14480930483
1,3.5,0.3,45,"targ0.1-0.2-0.3-0.4_cl_size5_r_size5",113.811183182043,96.8968523740581,1.17456016778222,11162.3673292939
1,4.5,0.3,45,"targ0.1-0.2-0.3-0.4_cl_size5_r_size5",94.6690475583121,77.7946013551069,1.21691024710287,7901.49241941119
1,1.5,0.4,45,"targ0.1-0.2-0.3-0.4_cl_size5_r_size5",NA,NA,NA,NA
1,2.5,0.4,45,"targ0.1-0.2-0.3-0.4_cl_size5_r_size5",98.7106781186548,90.6090503205943,1.08941300862767,4045.31512225471
1,3.5,0.4,45,"targ0.1-0.2-0.3-0.4_cl_size5_r_size5",106.639610306789,80.0562302385017,1.33205885399663,7296.72736004966
1,4.5,0.4,45,"targ0.1-0.2-0.3-0.4_cl_size5_r_size5",113.367532368147,89.2020179143947,1.27090771059623,7519.50095468758
1,1.5,0.1,46,"targ0.1-0.2-0.3-0.4_cl_size5_r_size5",93.1248916810278,85.9127464349732,1.08394732499343,7202.73184107615
1,2.5,0.1,46,"targ0.1-0.2-0.3-0.4_cl_size5_r_size5",81.6396103067893,77.0064932327138,1.060165278012,7188.91225744365
1,3.5,0.1,46,"targ0.1-0.2-0.3-0.4_cl_size5_r_size5",99.3259018078045,84.1724420460759,1.18002875280052,13963.1184617995
1,4.5,0.1,46,"targ0.1-0.2-0.3-0.4_cl_size5_r_size5",145.39696961967,113.569362065656,1.28024818467867,20206.2015145439
1,1.5,0.2,46,"targ0.1-0.2-0.3-0.4_cl_size5_r_size5",131.480230740355,124.458828533777,1.05641546115528,13902.8700572474
1,2.5,0.2,46,"targ0.1-0.2-0.3-0.4_cl_size5_r_size5",95.0538238691624,82.1340367935243,1.15730125511932,5771.82318093615
1,3.5,0.2,46,"targ0.1-0.2-0.3-0.4_cl_size5_r_size5",88.9116882454314,76.1577310586391,1.16746766230433,5520.68908831875
1,4.5,0.2,46,"targ0.1-0.2-0.3-0.4_cl_size5_r_size5",83.1543289325507,73.6613874428116,1.12887269462728,4687.34365036658
1,1.5,0.3,46,"targ0.1-0.2-0.3-0.4_cl_size5_r_size5",97.539105243401,90.5207158610668,1.07753351611918,4091.36866865135
1,2.5,0.3,46,"targ0.1-0.2-0.3-0.4_cl_size5_r_size5",98.7401153701776,87.8464569575803,1.12400794283437,8636.87976268985
1,3.5,0.3,46,"targ0.1-0.2-0.3-0.4_cl_size5_r_size5",123.639610306789,93.3380951166243,1.32464252835141,7912.03901497237
1,4.5,0.3,46,"targ0.1-0.2-0.3-0.4_cl_size5_r_size5",114.982756057297,89.0673902166219,1.29096357014218,9494.14896810825
1,1.5,0.4,46,"targ0.1-0.2-0.3-0.4_cl_size5_r_size5",99.8822509939086,91.9238815542512,1.08657564612261,6798.62351496408
1,2.5,0.4,46,"targ0.1-0.2-0.3-0.4_cl_size5_r_size5",117.882250993909,100.568384694197,1.17216013116208,6856.96101308351
1,3.5,0.4,46,"targ0.1-0.2-0.3-0.4_cl_size5_r_size5",112.053823869162,91.2852671574116,1.22751269025633,6153.26397643673
1,4.5,0.4,46,"targ0.1-0.2-0.3-0.4_cl_size5_r_size5",116.468037431535,78.2943165242535,1.48756694740999,6735.09784342624
1,1.5,0.1,47,"targ0.1-0.2-0.3-0.4_cl_size5_r_size5",103.338095116624,100.419121685066,1.02906790442475,9815.15681431058
1,2.5,0.1,47,"targ0.1-0.2-0.3-0.4_cl_size5_r_size5",89.8406204335659,74.2024258363566,1.21075044947583,7782.08212392108
1,3.5,0.1,47,"targ0.1-0.2-0.3-0.4_cl_size5_r_size5",81.9411254969543,68.1175454637056,1.20293714254008,8389.2567821987
1,4.5,0.1,47,"targ0.1-0.2-0.3-0.4_cl_size5_r_size5",121.02438661764,100.184829190851,1.20801110901821,20614.580982256
1,1.5,0.2,47,"targ0.1-0.2-0.3-0.4_cl_size5_r_size5",98.2670273047588,94.7945146092325,1.03663200038358,8158.78414720426
1,2.5,0.2,47,"targ0.1-0.2-0.3-0.4_cl_size5_r_size5",120.296464556282,98.7167665596883,1.2186021559321,7754.7791638706
1,3.5,0.2,47,"targ0.1-0.2-0.3-0.4_cl_size5_r_size5",88.8406204335659,73.24616030892,1.21290481383427,6648.81293881774
1,4.5,0.2,47,"targ0.1-0.2-0.3-0.4_cl_size5_r_size5",99.2253967444162,85.7029754442633,1.15778240172008,8874.17019918948
1,1.5,0.3,47,"targ0.1-0.2-0.3-0.4_cl_size5_r_size5",NA,NA,NA,NA
1,2.5,0.3,47,"targ0.1-0.2-0.3-0.4_cl_size5_r_size5",NA,NA,NA,NA
1,3.5,0.3,47,"targ0.1-0.2-0.3-0.4_cl_size5_r_size5",114.497474683058,92.4175308044962,1.23891510286367,9124.7977820776
1,4.5,0.3,47,"targ0.1-0.2-0.3-0.4_cl_size5_r_size5",103.083261120685,89.0898422941695,1.15707086763394,8277.55775974267
1,1.5,0.4,47,"targ0.1-0.2-0.3-0.4_cl_size5_r_size5",67.4974746830583,62.6258732474047,1.07778895818998,3301.27648970003
1,2.5,0.4,47,"targ0.1-0.2-0.3-0.4_cl_size5_r_size5",NA,NA,NA,NA
1,3.5,0.4,47,"targ0.1-0.2-0.3-0.4_cl_size5_r_size5",79.1837661840736,61.0982814815605,1.29600643854396,3887.68582376868
1,4.5,0.4,47,"targ0.1-0.2-0.3-0.4_cl_size5_r_size5",118.911688245431,93.7229961108798,1.26875679587486,9029.2620738837
1,1.5,0.1,48,"targ0.1-0.2-0.3-0.4_cl_size5_r_size5",101.195959492893,94.7523086789974,1.0680052117329,7984.85666712807
1,2.5,0.1,48,"targ0.1-0.2-0.3-0.4_cl_size5_r_size5",118.124891681028,103.247275993122,1.1440969318057,14771.1967700564
1,3.5,0.1,48,"targ0.1-0.2-0.3-0.4_cl_size5_r_size5",108.124891681028,99.569071503153,1.08592849213828,15761.6535128706
1,4.5,0.1,48,"targ0.1-0.2-0.3-0.4_cl_size5_r_size5",109.053823869162,80.4984471899924,1.3547320187652,10712.4340912319
1,1.5,0.2,48,"targ0.1-0.2-0.3-0.4_cl_size5_r_size5",105.438600180013,99.6393496566492,1.05820241243392,5059.56195670142
1,2.5,0.2,48,"targ0.1-0.2-0.3-0.4_cl_size5_r_size5",111.468037431535,90.0277734924062,1.23815166261929,9212.77356056657
1,3.5,0.2,48,"targ0.1-0.2-0.3-0.4_cl_size5_r_size5",108.811183182043,93.0483745156249,1.16940444955082,9042.48900314951
1,4.5,0.2,48,"targ0.1-0.2-0.3-0.4_cl_size5_r_size5",112.154328932551,77.1556867638413,1.45361066224235,10561.1360888759
1,1.5,0.3,48,"targ0.1-0.2-0.3-0.4_cl_size5_r_size5",78.8822509939086,75.690157880665,1.04217315966332,4733.48316936373
1,2.5,0.3,48,"targ0.1-0.2-0.3-0.4_cl_size5_r_size5",80.0121933088198,65.7647321898295,1.21664288205212,3037.94364899183
1,3.5,0.3,48,"targ0.1-0.2-0.3-0.4_cl_size5_r_size5",80.3553390593274,68.5930025585701,1.1714801227824,5103.01243944315
1,4.5,0.3,48,"targ0.1-0.2-0.3-0.4_cl_size5_r_size5",118.39696961967,98.351410767716,1.20381567173751,11659.7101563091
1,1.5,0.4,48,"targ0.1-0.2-0.3-0.4_cl_size5_r_size5",118.953318805774,106.780147967682,1.11400219113553,6094.11534984558
1,2.5,0.4,48,"targ0.1-0.2-0.3-0.4_cl_size5_r_size5",126.195959492893,112.805141726785,1.11870751245135,6953.8254480471
1,3.5,0.4,48,"targ0.1-0.2-0.3-0.4_cl_size5_r_size5",130.882250993909,107.298648640139,1.2197940295862,10749.841727451
1,4.5,0.4,48,"targ0.1-0.2-0.3-0.4_cl_size5_r_size5",141.02438661764,111.036030188403,1.27007770701414,12361.4667103728
1,1.5,0.1,49,"targ0.1-0.2-0.3-0.4_cl_size5_r_size5",112.539105243401,104.100912580054,1.08105781644189,9618.92685967887
1,2.5,0.1,49,"targ0.1-0.2-0.3-0.4_cl_size5_r_size5",135.681240867132,117.379725676967,1.1559171746621,11573.8843914223
1,3.5,0.1,49,"targ0.1-0.2-0.3-0.4_cl_size5_r_size5",90.8406204335659,74.5184540902453,1.21903522479886,7042.726171021
1,4.5,0.1,49,"targ0.1-0.2-0.3-0.4_cl_size5_r_size5",127.296464556282,103.247275993122,1.23292806838566,23111.547829148
1,1.5,0.2,49,"targ0.1-0.2-0.3-0.4_cl_size5_r_size5",120.752308678997,113.850779531806,1.06061907679133,6846.88430819782
1,2.5,0.2,49,"targ0.1-0.2-0.3-0.4_cl_size5_r_size5",127.16652224137,118.342722632192,1.07456140447776,10172.30624101
1,3.5,0.2,49,"targ0.1-0.2-0.3-0.4_cl_size5_r_size5",103.497474683058,88.4081444212014,1.17067805642393,9065.02319876299
1,4.5,0.2,49,"targ0.1-0.2-0.3-0.4_cl_size5_r_size5",132.296464556282,102.825094213426,1.28661651679778,13117.8853618244
1,1.5,0.3,49,"targ0.1-0.2-0.3-0.4_cl_size5_r_size5",95.1248916810278,88.4137998278549,1.07590547930572,6266.4416675107
1,2.5,0.3,49,"targ0.1-0.2-0.3-0.4_cl_size5_r_size5",127.296464556282,100.647901120689,1.26477018535774,9792.15632175154
1,3.5,0.3,49,"targ0.1-0.2-0.3-0.4_cl_size5_r_size5",126.124891681028,93.0483745156249,1.35547657159609,11868.493596315
1,4.5,0.3,49,"targ0.1-0.2-0.3-0.4_cl_size5_r_size5",125.225396744416,88.7299273075325,1.41130958341026,10225.5425892067
1,1.5,0.4,49,"targ0.1-0.2-0.3-0.4_cl_size5_r_size5",126.852813742386,114.560027932957,1.10730431923971,11064.370785326
1,2.5,0.4,49,"targ0.1-0.2-0.3-0.4_cl_size5_r_size5",108.710678118655,89.095454429505,1.22015964579506,5161.83525667277
1,3.5,0.4,49,"targ0.1-0.2-0.3-0.4_cl_size5_r_size5",117.39696961967,97.4166310236604,1.20510192547263,9732.82013305577
1,4.5,0.4,49,"targ0.1-0.2-0.3-0.4_cl_size5_r_size5",74.7695526217005,59.8163857149527,1.24998446041199,3503.536131975
1,1.5,0.1,50,"targ0.1-0.2-0.3-0.4_cl_size5_r_size5",122.894444302728,118.827606220104,1.03422469081041,6837.16675968656
1,2.5,0.1,50,"targ0.1-0.2-0.3-0.4_cl_size5_r_size5",127.953318805774,105.475115548645,1.21311380547161,11745.1980142084
1,3.5,0.1,50,"targ0.1-0.2-0.3-0.4_cl_size5_r_size5",NA,NA,NA,NA
1,4.5,0.1,50,"targ0.1-0.2-0.3-0.4_cl_size5_r_size5",108.124891681028,93.9148550549912,1.15130765646943,16673.78521222
1,1.5,0.2,50,"targ0.1-0.2-0.3-0.4_cl_size5_r_size5",96.1959594928933,91.6787870774914,1.04927172969232,7018.89204874972
1,2.5,0.2,50,"targ0.1-0.2-0.3-0.4_cl_size5_r_size5",96.39696961967,86.2148479091624,1.11810171864173,5136.20380942306
1,3.5,0.2,50,"targ0.1-0.2-0.3-0.4_cl_size5_r_size5",103.325901807805,89.3588272080604,1.15630324430315,10413.1487114485
1,4.5,0.2,50,"targ0.1-0.2-0.3-0.4_cl_size5_r_size5",128.367532368147,101.400197238467,1.26594953327615,18350.2983468993
1,1.5,0.3,50,"targ0.1-0.2-0.3-0.4_cl_size5_r_size5",91.1248916810278,85.6329375882902,1.06413366453855,3263.84475120335
1,2.5,0.3,50,"targ0.1-0.2-0.3-0.4_cl_size5_r_size5",NA,NA,NA,NA
1,3.5,0.3,50,"targ0.1-0.2-0.3-0.4_cl_size5_r_size5",88.8111831820431,76.0263112349928,1.16816378092491,6067.75644036785
1,4.5,0.3,50,"targ0.1-0.2-0.3-0.4_cl_size5_r_size5",140.78174593052,115.36463929645,1.22031973392433,13473.0446423393
1,1.5,0.4,50,"targ0.1-0.2-0.3-0.4_cl_size5_r_size5",93.4680374315355,86.8389313614579,1.07633795080325,3453.55145444401
1,2.5,0.4,50,"targ0.1-0.2-0.3-0.4_cl_size5_r_size5",125.195959492893,108.894444302728,1.14970015499456,7378.75462599939
1,3.5,0.4,50,"targ0.1-0.2-0.3-0.4_cl_size5_r_size5",133.610173055266,112.004464196745,1.19290042600953,11141.5184258856
1,4.5,0.4,50,"targ0.1-0.2-0.3-0.4_cl_size5_r_size5",NA,NA,NA,NA
